reviewId,content,gender,location,date,score,cluster_id,prob_topico_0,prob_topico_1,prob_topico_2,prob_topico_3,prob_topico_4,prob_topico_5
38e79664-42aa-4fff-a3d7-08c831778153,I can't able to see any comments of anyone post & also my insta front is white and can't able to see my following people recent post please solve this problem quickly.,male,"Cape Town, South Africa",2023-05-02,NEGATIVO,2,0.032076214,0.036046125,0.83719623,0.025975568,0.042064562,0.026641432
48f19e98-3d26-4b3c-bb89-80db6639ff46,Respected Instagram admin: I am very happy to use this app.But I am unable to add to story any video please fix this bug as soon as possible. The app is somewhat distructive.And I am unable to add highlight. I hope that the admin will fix the bug as soon as possible And this the most worstttttt app I had ever seen 🙏,male,"Prague, Czech Republic",2021-06-05,NEGATIVO,4,0.032299202,0.13221565,0.030028215,0.08682075,0.6918579,0.02677826
b734b40b-a340-4d0d-8eb1-a75033ec1a7d,I can't see filters in the camera please help,male,"Krakow, Poland",2022-02-05,NEGATIVO,2,0.053152025,0.059510924,0.73025715,0.043040976,0.06995594,0.044082943
4cd3dd11-4264-470a-803b-17739b188222,Good. Easy to use,male,"Edinburgh, United Kingdom",2021-11-06,NEGATIVO,4,0.060614225,0.06777683,0.05631289,0.04907516,0.7159701,0.05025076
fcac57c4-e9d0-45be-8320-8c431d97a923,professor,male,"Karachi, Pakistan",2022-04-12,NEGATIVO,4,0.16685303,0.18656923,0.15501288,0.13508964,0.21814944,0.1383257
19ff382f-7ff8-4364-a539-450b9f7909f1,Great,male,"Algiers, Algeria",2023-01-03,NEGATIVO,4,0.16685303,0.18656923,0.15501288,0.13508964,0.21814944,0.1383257
2b42e21a-f61b-4c3b-9deb-5e5921ccf87e,Every time new real results vertical opposite ( 180 degree roatated,male,"Tripoli, Libya",2023-05-06,NEGATIVO,5,0.05310438,0.059412528,0.04933632,0.04301345,0.06989896,0.7252344
41d0bc05-648c-4b67-b806-54958d667b26,𝓜𝓻..𝓗𝓲𝓽𝓽𝓾.𝓷𝓪𝓷𝓸𝓶𝓪,male,"Karachi, Pakistan",2022-05-12,NEGATIVO,4,0.16685303,0.18656923,0.15501288,0.13508964,0.21814944,0.1383257
d4af2421-be65-4409-99fa-2aa89be8c42e,Very bad I am unfollowing and it again following automatically,male,"Auckland, New Zealand",2025-06-10,NEGATIVO,5,0.06069909,0.06787207,0.05639635,0.049268,0.08025163,0.68551284
c817ce44-2d28-4e9b-ad89-e6c3fcf6631d,I can't get access to my Instagram account because I don't have access to the email and phone number I signed up with... I tried everything.. video selfie.. almost everything... I'm not making another account please may I have my account back,male,"Rabat, Morocco",2023-05-03,NEGATIVO,5,0.032884207,0.03689495,0.030498078,0.0266125,0.3750344,0.49807584
2404dc8c-8fde-4176-a76f-eb2ec5a72a9d,There is a problem with reels,male,"Phuket, Thailand",2022-05-02,NEGATIVO,1,0.060635157,0.7040807,0.056297485,0.04907048,0.07967588,0.05024031
02a07fa5-1fad-411f-a907-91392f9d5c54,Man i hate this app i cant send photos all together i have to send it one by one and some dont even send i cant even log back in my main acc anymore it all my friends and gcs were there and i even list my 1k followers gitchs alot sometimes doesnt even let me text i would have deleted this app ages ago if my friends were on them i hate it nothing can change my mind anymore,male,"Rio de Janeiro, Brazil",2025-02-01,NEGATIVO,4,0.02996539,0.033516187,0.028519507,0.35663688,0.5265265,0.024835465
aab32ef7-8aa4-4773-8a3f-0474ee893ef6,"Hi please upgret instagram, A new to full Tu upgred An new adavas phichar",female,"Queenstown, New Zealand",2025-11-08,NEGATIVO,3,0.05093268,0.05694771,0.047323454,0.7351602,0.06742676,0.042209193
39bd5872-43be-4271-b5e3-56bc32f09c38,It's not good 😏😏,male,"Dubai, United Arab Emirates",2022-11-10,NEGATIVO,1,0.062085096,0.47271827,0.057635296,0.05022117,0.30592814,0.051412016
752474ca-1b47-44fb-b89e-9d90aae80686,It's hard getting start up or if you've been in here for years. No likes No comments No followers TikTok is way better.,male,"Guayaquil, Ecuador",2024-08-04,NEGATIVO,3,0.25977707,0.13491955,0.034811206,0.37056527,0.05012681,0.14980014
bfdae039-e272-4cf5-93c1-d42c0985de78,All my reels are posting upside down,male,"Wellington, New Zealand",2025-06-07,NEGATIVO,3,0.05401948,0.060476344,0.050186843,0.7198107,0.07071899,0.044787608
2ec1213a-50cf-4d81-b122-927bcacacc5b,"I can no longer upload photos or uninstall or reinstall this app. I get a message ""something went wrong"" and no error code, no clues how to fix. Since I can't uninstall it or reinstall it, don't bother suggesting that. It's just dead on my PC. I'd have to try using a cell phone to upload photos. Dumb.",female,"Canberra, Australia",2025-07-08,NEGATIVO,5,0.030507123,0.03412256,0.028462648,0.024672,0.35839885,0.52383685
0000c389-503f-408b-a8f4-daed5f559696,Suspended and deactivated my account and the appeal option didn't work,male,"Madrid, Spain",2021-08-09,NEGATIVO,2,0.05422236,0.0603961,0.72415364,0.04373397,0.07261517,0.044878725
c20f7d78-a805-4bbb-9f8b-54311c25c0d4,"After update,my reels option has vanished 😤😤",male,"Gold Coast, Australia",2025-06-10,NEGATIVO,1,0.04963406,0.39070544,0.23560189,0.0401718,0.24276595,0.041120846
1bb33d5b-7c4c-4e17-a680-78f0e484abb2,Can't even create an account,male,"Cape Town, South Africa",2023-05-09,NEGATIVO,4,0.054135527,0.06049671,0.05027826,0.043804474,0.74642885,0.044856116
0a88b529-456d-4240-8b78-86793ef35ecb,"This app has many bugs in recent days. When someone tags me in their story,the massage wont be sent to me, etc",male,"Phoenix, United States",2023-11-12,NEGATIVO,5,0.0421622,0.047060646,0.03916279,0.24848828,0.055367015,0.56775916
9b4bc76f-094d-414f-91ac-73e3d782c124,Good,male,"Cali, Colombia",2024-08-03,NEGATIVO,4,0.07439866,0.083190076,0.0691192,0.06023553,0.65137804,0.061678477
6676d52d-3550-4beb-9288-bbdd606395da,It was fine and lovely site,male,"Hamburg, Germany",2021-07-06,NEGATIVO,4,0.16685303,0.18656923,0.15501288,0.13508964,0.21814944,0.1383257
f4edff1b-e359-4955-be3d-a4a96fae8670,Can't access too reel features,male,"La Paz, Bolivia",2024-11-08,NEGATIVO,5,0.061396003,0.06902295,0.057042737,0.049744766,0.08073854,0.68205506
48e440f7-968f-4d1c-9730-9b8f20164edc,This apps is so beautiful… It does not the access,female,"Nadi, Fiji",2025-12-12,NEGATIVO,5,0.074398674,0.08319021,0.069119215,0.060235552,0.097286604,0.61576974
1483cb5a-c8c8-4ec7-a512-4c874ce99e1c,"Worst app i have ever seen. My account is public despite of they are not giving much attention to my profile. I always make videos on trending sounds but my views and likes are too less compared to others. Instagram is doing partiality, may be they are taking bribe or something. If anyone can help pls help me.",male,"Santa Cruz, Bolivia",2024-11-05,NEGATIVO,4,0.02923413,0.034864306,0.20567197,0.02362825,0.6823456,0.024255717
3b811bfc-f501-4b11-a7ff-28bef483e437,Best app ever? Access does not work,male,"Riyadh, Saudi Arabia",2022-10-08,NEGATIVO,5,0.045044962,0.050364703,0.041873667,0.036453392,0.05926495,0.7669983
b35b856d-cfdd-4178-8950-33347dba06e5,Instagram is great app but after the update it's such a disaster and the reels section is just garbage now before the update reels section is so good and after that ughhhhh please fix that.....,male,"Vienna, Austria",2022-01-08,NEGATIVO,4,0.041495956,0.04649442,0.038560573,0.03358398,0.8054788,0.0343862
dd8b6129-7015-42d9-bceb-a9e08489a043,"I have never used an app as bad as Instagram. Full of bugs and worst algorithms. Can't hear audio in reels and stories and main page got black! Its better to turn down this application for forever so that we, the users, can live peacefully!!!",male,"Lisbon, Portugal",2021-07-07,NEGATIVO,4,0.029282767,0.032780338,0.027197381,0.023651414,0.8628728,0.024215318
79f99b2d-a911-468f-b3fa-5b214029b14a,Reel is not working,male,"Austin, United States",2024-07-12,NEGATIVO,1,0.061496958,0.700556,0.05696521,0.049668938,0.080441244,0.05087166
f7fce1c3-5c07-4b17-92c9-86ffe177e276,My reels are uploading upsidedown. I tried the suggested solutions and no luck.,male,"San Francisco, United States",2023-09-04,NEGATIVO,3,0.06187949,0.06934402,0.057489954,0.6788835,0.08109275,0.051310338
73449e3b-bd7a-43f8-a42a-f4b7c77c82e0,Always block my account,male,"Vienna, Austria",2021-09-02,NEGATIVO,3,0.054553274,0.060593195,0.050408855,0.7146588,0.07484589,0.04493998
dcfa967c-7fea-4831-857e-e38f62fcf64a,"This app is getting more worst over time. I got action blocked for defending myself in a group chat and it was hard for me to express what I was trying to say because I have tourettes syndrome and some times when I am talking or arguing I use cuss words to help cope with my syndrome,so I started typing while mad because not only I was trying to defend myself my Instagram was lagging too which made me really upset. I would like my Instagram account fix and not be activity banned anymore.please",male,"Edinburgh, United Kingdom",2022-02-05,NEGATIVO,5,0.029034153,0.031766612,0.06926874,0.022848785,0.3885889,0.45849285
f2459ba9-914b-4098-8238-1a1e16449ce0,धंझ2 ऊछ््झुनननंवधुज़फऔऊईऐश्ंननश्,male,"Asunción, Paraguay",2024-08-07,NEGATIVO,4,0.16685303,0.18656923,0.15501288,0.13508964,0.21814944,0.1383257
cdb03413-9e64-479f-9098-1bac35c1120e,Plzz install this app,male,"Calgary, Canada",2024-02-09,NEGATIVO,2,0.07452051,0.083305694,0.6223774,0.06024706,0.097851545,0.061697774
d31721f9-bfe5-400a-80e6-c408929a817a,please new update,male,"Bogotá, Colombia",2025-02-12,NEGATIVO,4,0.053071305,0.059373166,0.04935462,0.042997126,0.75118715,0.04401665
7c10c20c-799c-498d-b5c4-05dfb820844b,बंद करो,male,"Osaka, Japan",2022-03-08,NEGATIVO,4,0.16685303,0.18656923,0.15501288,0.13508964,0.21814944,0.1383257
1ba295c1-752f-4ad6-b66a-6f92baa34a3a,"I think I will change my rating but,🤔",male,"Alexandria, Egypt",2023-01-07,NEGATIVO,4,0.05346788,0.23534247,0.049619853,0.043234352,0.5740735,0.04426197
211fdb20-e232-43fb-82a1-721359c4b48c,Ads are coming pls help me,male,"La Paz, Bolivia",2024-11-09,NEGATIVO,5,0.05313286,0.0594116,0.049390923,0.043022558,0.06978397,0.7252581
f669a24b-952f-4ff3-a548-5c28e48d852d,Keeps crashing,male,"Jacksonville, United States",2024-04-11,NEGATIVO,1,0.07439865,0.6372965,0.06911918,0.060235504,0.09727162,0.061678573
83f3ef75-3f41-4644-b56f-0bfaa0ea61fb,Are you kidding me was with all the bots following why not a human can follow me so annoying,male,"Cali, Colombia",2024-11-10,NEGATIVO,5,0.049071617,0.24028827,0.044737592,0.038978055,0.06308215,0.5638423
f38e7733-2354-4526-b859-84653eb3dd68,After i hold pressing on a message to react on it It do react But then the chat page is clear I need to leave the chat and re-enter it to be normal💀,male,"Casablanca, Morocco",2023-01-08,NEGATIVO,2,0.04716694,0.049832627,0.6975567,0.03610528,0.13235237,0.036986068
5adbb4c0-25c5-4bac-9626-94260185a79c,Need some improvement.,female,"Canberra, Australia",2025-07-10,NEGATIVO,0,0.62849236,0.083190024,0.06912097,0.060240395,0.09727767,0.061678473
e29120ac-3281-4ce1-b060-7e7540852366,"Too many issues with the reels. Every time i try to post it with a problem- it gets posted upside down, or captions get stuck, the filters dont apply. And need to log out, delete, reinstall and log in again every time for this issue to resolve. Please check into this issue.",female,"Hobart, Australia",2025-11-02,NEGATIVO,5,0.031239027,0.034791082,0.028842961,0.39479476,0.04113897,0.46919316
52248195-2d63-4592-8e16-456beda9a832,"Super, but too much censoring",male,"San Antonio, United States",2024-04-08,NEGATIVO,5,0.0611166,0.06895888,0.056779604,0.04949175,0.079923734,0.6837294
d7a15d04-cfa1-4248-b97a-a6b23caf5040,Good experience,female,"Brisbane, Australia",2025-10-07,NEGATIVO,4,0.060993686,0.06852509,0.056624662,0.049248498,0.71417993,0.05042809
a7e520cd-1ee9-4f41-8567-72d69386978e,No notification,male,"Bali, Indonesia",2022-07-06,NEGATIVO,2,0.07440031,0.08319223,0.62318933,0.06026315,0.097275384,0.06167967
340a2f30-fbf1-41e9-804e-298fd8423f20,My Instagram not working,male,"Athens, Greece",2021-06-10,NEGATIVO,0,0.69566345,0.06822962,0.05652096,0.049238905,0.07989371,0.050453305
cf8506ca-96e2-4e5b-93c2-b0e94b12a179,Not good,male,"Dakar, Senegal",2022-12-02,NEGATIVO,4,0.07439866,0.083190076,0.0691192,0.06023553,0.65137804,0.061678477
e3e3691b-342e-41d2-8d4b-2914ba6fe94b,This Instagram account is not immediately updating it's messaging option.Its not working that fast.i am so irritated,male,"Denver, United States",2023-11-02,NEGATIVO,0,0.7312737,0.06012052,0.049853377,0.04343076,0.0708286,0.044493075
f3c13b32-8af2-4236-95f3-9cd3d69bcc56,Censoring sucks,male,"Tijuana, Mexico",2024-04-11,NEGATIVO,3,0.060520086,0.06767186,0.05622538,0.68586725,0.07947696,0.0502384
117c8de7-beb8-4811-a62f-bb427949e20f,Why see reels problem,male,"Dublin, Ireland",2021-07-01,NEGATIVO,1,0.053926855,0.7363997,0.05019409,0.043650154,0.071135774,0.04469345
45dade47-3177-4304-a3d8-40ac2add79d0,Less reels and entertainment but more and more ads and commercials... Beginning hate this app now,female,"Wellington, New Zealand",2025-09-04,NEGATIVO,3,0.045664657,0.051576797,0.04244649,0.7626435,0.059874207,0.03779433
f9b1aada-5f6a-45a0-9c76-58567bc706b0,This app shows couldn't refresh,male,"Bogotá, Colombia",2024-08-01,NEGATIVO,2,0.054126695,0.06051824,0.4650379,0.30435547,0.0711014,0.044860307
26610465-1cba-4b86-a53f-c0cd468a56cc,Like and follow nhi bad the Hai Meri help me,female,"Suva, Fiji",2025-09-09,NEGATIVO,3,0.041761618,0.41139603,0.03889084,0.41841677,0.05489445,0.034640305
140b8bf6-d13d-4441-9d66-b184be0d4243,Plzzz help mera insta ni chal rha i don't know but kya kru,male,"Buenos Aires, Argentina",2024-08-11,NEGATIVO,5,0.047992036,0.053783827,0.044622518,0.0388571,0.06277218,0.7519724
fd4e5447-ec74-429c-9ef3-3048494d6a27,"Nice, but too much censoring",male,"Buenos Aires, Argentina",2024-09-05,NEGATIVO,5,0.05330546,0.059943773,0.049522776,0.04316313,0.069703154,0.7243618
966cb75d-ab2e-4df8-9221-6abef6c4417d,Shamed on instagram!all off my account disabled for your awfull privce !shame on you!,male,"Frankfurt, Germany",2021-07-08,NEGATIVO,0,0.69481325,0.067974545,0.056535803,0.049233086,0.0810081,0.0504352
efd72082-4422-472e-ae30-990ad3d471d2,It's very good.,male,"Hobart, Australia",2025-05-11,NEGATIVO,4,0.07439866,0.083190076,0.0691192,0.06023553,0.65137804,0.061678477
2bc55ca3-330e-4e0d-b4db-9a02cabb477b,Best but access could be improved,male,"Port Moresby, Papua New Guinea",2025-04-11,NEGATIVO,5,0.048266917,0.053971827,0.044841822,0.3450451,0.06330521,0.44456917
fc504f57-19d1-4c7f-b6d8-f27df61391e0,I Really like this app,male,"Austin, United States",2024-02-08,NEGATIVO,4,0.05473473,0.06144885,0.0508501,0.044233873,0.7434387,0.045293808
9a1b53d7-2bc8-4e7b-b79a-83516d28fbd3,It is nice to make new friends but it has a lot of scammers and fake accounts,female,"Gold Coast, Australia",2025-11-10,NEGATIVO,4,0.22173397,0.0474391,0.039286546,0.034183215,0.42396653,0.23339064
84289152-fe98-42fb-92cf-69549a0b6678,Not found music in story',male,"Munich, Germany",2021-07-06,NEGATIVO,4,0.06081208,0.06799837,0.056496333,0.04923599,0.71498686,0.050470438
5f7aab6e-c079-4a0d-a0e7-ebe088f65142,I am not able to load reels from last 2 days,male,"Santa Cruz, Bolivia",2025-02-01,NEGATIVO,2,0.048603665,0.05630681,0.7490408,0.03951714,0.066100106,0.04043147
36dcc8c6-e035-40b3-9b6d-d8b8f3325095,What's the point of posting if people's posts kept disappearing in the recent tab,male,"Rosario, Argentina",2025-02-11,NEGATIVO,3,0.048356,0.05407043,0.37008244,0.4236283,0.06377011,0.04009271
f1ccec34-bef7-4dcd-8528-45efe4c5a61a,App is not updated,male,"Montevideo, Uruguay",2024-11-03,NEGATIVO,2,0.074523844,0.083306305,0.62234795,0.060247093,0.09787688,0.06169789
25a1e771-45ee-4f21-9f9e-bc37eddb165b,Susbending my account every time cheaters 🤬🤬🤬🤬🤬🤬🤬🤬🤬🤬🤬🤬🤬🤬🤬🤬🤬🤬🤬🤬🤬,male,"Zurich, Switzerland",2021-12-01,NEGATIVO,1,0.07008564,0.59165835,0.064299546,0.05596111,0.10256283,0.1154325
c6bcacb8-5bce-4a00-b9f1-3c8e4d1fd23a,I cannot load my reels,male,"Guayaquil, Ecuador",2024-09-07,NEGATIVO,3,0.074398726,0.08380008,0.06912467,0.6129774,0.09798959,0.06170952
c5c2ec04-c4a5-44fa-9242-9830a719f4d4,User Support sucks,male,"Vienna, Austria",2021-10-03,NEGATIVO,4,0.053005733,0.059269425,0.049244266,0.042938046,0.7515996,0.043943014
d38a2615-7b9e-4bb9-900c-cd4fe0bb82d0,A full of bugs and N number of times I reported on bugs but there is nothing from the app. That is only for my first account and second account working properly. Please resolve it,female,"Canberra, Australia",2025-11-06,NEGATIVO,5,0.034083854,0.03810464,0.03165095,0.027557392,0.045152724,0.82345045
dabff61b-685b-4e9b-a966-508e0aa7c4e2,Tell me one thing why should I upload any story the story was not uploaded tell me reason?,male,"Mexico City, Mexico",2024-01-09,NEGATIVO,4,0.043059953,0.048160106,0.040002882,0.034888647,0.79817694,0.035711497
4fe26b8d-7e23-41b7-85c4-0453b97a2fa8,My insta id have aome issue some important setting is not avaialable in my id,male,"Tokyo, Japan",2022-05-10,NEGATIVO,1,0.05622505,0.5585433,0.052253544,0.04554056,0.24081002,0.04662751
89a75f88-b717-43fe-b668-e31f3450b74d,Nood app,male,"Philadelphia, United States",2024-02-01,NEGATIVO,2,0.0745203,0.08330568,0.6223781,0.060247064,0.09785107,0.061697774
c5e2e6ec-6f84-4f5e-9049-4b88066f9ca0,User support could improve,female,"Suva, Fiji",2025-11-10,NEGATIVO,4,0.053330492,0.059632763,0.04954613,0.04324591,0.75003237,0.044212297
fe2c21ef-a230-443c-a2af-a499aa130481,I'm not getting some songs & my Instagram not working properly please try to solve this problem I'm facing this issue more the 2 year not getting any songs,male,"Dubai, United Arab Emirates",2022-07-10,NEGATIVO,5,0.034732364,0.03892226,0.0322711,0.37089354,0.04582805,0.47735268
96288ed7-5945-444d-8318-5d7189e04745,Poor,male,"Ottawa, Canada",2023-09-07,NEGATIVO,3,0.074399,0.08319051,0.0691195,0.6143387,0.09727366,0.06167873
941fa61c-d97d-4948-9fdb-4a800aae3826,Very low,male,"Guadalajara, Mexico",2024-04-05,NEGATIVO,4,0.16685303,0.18656923,0.15501288,0.13508964,0.21814944,0.1383257
7302278f-389a-4e5f-b5b5-1b70ebca974a,"One of the bogas app now these days, dashboard crash message box crash nothing visible on landing page if the Instagram android app since a week now. Ot has bug and it has to be fixed, what Meta is going? Instagram app has a blonder of bugs inside. Fix it else delete or block my profile completely. How many time your system is getting ccrased in year 2022, more than 30 time, Deep dive in analysis for the same....",male,"Manchester, United Kingdom",2021-07-06,NEGATIVO,5,0.02707066,0.030317448,0.025205001,0.319451,0.037751924,0.5602039
2234deee-c60d-443f-a400-d8290c92b960,It's not user friendly,male,"Quebec City, Canada",2024-01-11,NEGATIVO,4,0.07439896,0.083190404,0.06911946,0.060235724,0.6513768,0.061678678
be450605-3c11-4f68-9b6a-87fd8dbc38f5,Not user friendly at all,female,"Sydney, Australia",2025-12-11,NEGATIVO,4,0.07439896,0.083190404,0.06911946,0.060235724,0.6513768,0.061678678
b8b52c14-dc65-4d02-8209-26614ca7591b,My insta is not working it's like full blank,male,"Lagos, Nigeria",2023-03-02,NEGATIVO,1,0.048502285,0.7635449,0.045001607,0.03923915,0.0635356,0.0401763
6383e583-7e63-4b59-a3c8-d3040c60f984,"Today reel is not showing why ???? This was 2nd time,, so many times my insta is making problems to me i don't know why I just hate it 😐😐😐😐",male,"Los Angeles, United States",2023-12-12,NEGATIVO,5,0.037866373,0.30828863,0.03512153,0.11009499,0.04947934,0.45914912
2720d89a-17d3-4ad3-8b82-25de50d0a28d,Kiya faltu app hai ladkiya reply nehi deti,male,"Buenos Aires, Argentina",2025-02-08,NEGATIVO,3,0.04907947,0.054874875,0.04564213,0.74539775,0.06435356,0.04065222
f032b68a-2431-418e-8215-6bd58da0bcb3,Very fantastic,male,"Philadelphia, United States",2024-05-08,NEGATIVO,4,0.16685303,0.18656923,0.15501288,0.13508964,0.21814944,0.1383257
6d55db8c-b4e6-469b-8a6a-b70a3c200567,In every story and post every time shows song currently unavailable,female,"Suva, Fiji",2025-09-08,NEGATIVO,5,0.043583244,0.048733503,0.040592868,0.035288833,0.05703216,0.7747694
569bcfdd-388f-4326-926f-c311742ed966,"So you deleted my last review..perhaps try listening to what those of us have been on here since it's beginning think of the car crash job meta have done to it. You are throwing artists, photographers etc under the bus by the tiktok style. Plus actually do something about the spam and porn accounts that litter everyone's comments.",male,"Abu Dhabi, United Arab Emirates",2022-07-01,NEGATIVO,5,0.031723753,0.035450067,0.02947399,0.025687262,0.042092204,0.8355727
31c18294-af72-4d37-945f-a6c8530c312d,Poor,female,"Brisbane, Australia",2025-10-06,NEGATIVO,3,0.074399,0.08319051,0.0691195,0.6143387,0.097273655,0.06167873
2ebcfb1f-2aed-4957-81f0-6c96e72adde0,Good,female,"Wellington, New Zealand",2025-10-08,NEGATIVO,4,0.07439866,0.083190076,0.0691192,0.060235538,0.65137804,0.061678477
0554fdeb-e487-4daf-8630-d7f61874d813,Sunny,female,"Perth, Australia",2025-08-12,NEGATIVO,4,0.16685303,0.18656923,0.15501288,0.13508964,0.21814944,0.1383257
d32d1fa1-8288-41af-9451-0f1407269a5d,What the hell is this app? It just changed it's algorithm entirely...When ever I open reels section...it only show useless random videos...I even tried 'Not interested' option..Why is this App so bad,male,"Dallas, United States",2024-05-11,NEGATIVO,2,0.032810718,0.036698718,0.5252224,0.3334483,0.044623673,0.027196217
7fc2bb59-be79-43a1-aa00-88ae7d1fae2a,Hauszs,male,"New York, United States",2024-03-10,NEGATIVO,4,0.16685303,0.18656923,0.15501288,0.13508964,0.21814944,0.1383257
864eea5a-1a58-4906-99da-36998b8a3335,Consistent message notifications even when I don't have any. App crashes frequently. Also can't delete all saved posts (which doesn't make sense since it plays a major role in the algorithm),male,"San Jose, United States",2023-12-09,NEGATIVO,2,0.032150794,0.0359988,0.83684784,0.02601516,0.042337753,0.026649622
1be28850-0ead-4296-9229-42c49abf7398,White screen problem,male,"Hamburg, Germany",2022-01-02,NEGATIVO,1,0.07455176,0.6366821,0.069163956,0.060235914,0.097669415,0.06169682
6d9cb254-7e58-4590-a207-3725faea905d,Follow nita_x_avnii,male,"Rome, Italy",2021-07-11,NEGATIVO,1,0.0744,0.63727504,0.06913382,0.060236473,0.0972752,0.06167947
b21edc21-b913-4830-a0db-bd815a417073,Kaifkhan,female,"Canberra, Australia",2025-10-05,NEGATIVO,4,0.16685303,0.18656923,0.15501288,0.13508964,0.21814944,0.1383257
834275e3-cf35-4bb2-b1e6-88782a4bfaa6,I was hacked last week and I'm afraid my account was deleted. I don't wanna create a new one. I don't think I'll install this app again. It was fun though,male,"Pretoria, South Africa",2022-12-11,NEGATIVO,4,0.03459947,0.038686726,0.032270603,0.028030438,0.83772117,0.02869159
c71bca03-aa3f-48f3-b2e2-6671aee81527,My account is been temparoryly locked frequently,male,"Edinburgh, United Kingdom",2022-01-10,NEGATIVO,4,0.054147974,0.06051244,0.05033201,0.043815814,0.7463255,0.04486626
4b06aa5d-cd20-45d9-990b-c3d15910353c,Photo main song lagane ka system band hogya kya,male,"Harare, Zimbabwe",2023-01-02,NEGATIVO,5,0.04446463,0.32112888,0.041362856,0.035969064,0.058178786,0.49889576
0e8e156f-bcb8-4ff4-a47c-5c3b168f37e0,"There is no reason to have ads on this ap. Sponsored ads after every story, so horrible and unnecessary",male,"Tijuana, Mexico",2024-02-02,NEGATIVO,5,0.051368088,0.057438117,0.047722906,0.041592535,0.067904875,0.7339735
3bcbb122-d43e-4fb8-97f6-a7097a4fda81,I love this app a lot cant spend a day without using it thank u,female,"Sydney, Australia",2025-06-11,NEGATIVO,2,0.049176633,0.05498626,0.7465199,0.039810836,0.06873361,0.04077279
54525eeb-2b17-4537-a8a8-36c95f4d4503,account access problems locked,male,"Dallas, United States",2023-12-04,NEGATIVO,4,0.048986055,0.055093132,0.045419317,0.03955483,0.50102085,0.30992582
0f65fdf5-7151-42b8-8f70-8fc7f001f23b,Update,male,"San Diego, United States",2023-09-01,NEGATIVO,4,0.0743993,0.08319047,0.06911949,0.06023575,0.6513763,0.061678726
d2b96a84-d795-4d88-a86a-9273695674e7,Shivamsingh,male,"Toronto, Canada",2024-03-01,NEGATIVO,4,0.16685303,0.18656923,0.15501288,0.13508964,0.21814944,0.1383257
67f69732-7faa-4a84-adff-46b5bb9bb1a4,It keeps on crashing...,male,"Amsterdam, Netherlands",2021-07-01,NEGATIVO,1,0.074398644,0.63729644,0.06911917,0.060235504,0.09727162,0.061678592
d5372674-8409-4c15-8d42-17206a14cf29,"I want to give it 0 star, because instagram not show me my friends posts.",male,"Cali, Colombia",2025-02-12,NEGATIVO,2,0.044685777,0.0499197,0.7735129,0.036152165,0.058705393,0.037024014
d8e6f6a5-2b5b-4bea-9af0-ffd2629fbfcf,This company is awful. Deserves 0 stars. Don't waste your time.,female,"Port Moresby, Papua New Guinea",2025-07-05,NEGATIVO,5,0.07439861,0.08318999,0.069121204,0.06023594,0.09727144,0.61578286
27bf0b03-8a7f-48af-a13b-6276783ad302,"Sometimes videos are getting download automatically, sometimes don't, issue while posting reels",male,"Guangzhou, China",2022-04-08,NEGATIVO,3,0.043008428,0.047863763,0.039746873,0.7772392,0.05667079,0.03547101
90db54d0-871b-4aa4-bb69-b4ea44d3d616,Meta intentionally gave your girls eating disorders,male,"Buenos Aires, Argentina",2025-01-10,NEGATIVO,5,0.07439936,0.08319213,0.06911981,0.060236093,0.09727325,0.6157794
af2b2716-addf-4575-9970-0745d944a458,Unable to access… account locked,male,"Glasgow, United Kingdom",2021-09-03,NEGATIVO,4,0.05422373,0.06059183,0.0503466,0.043873258,0.7460395,0.044925086
ccf205d4-d9b9-48f2-99b1-9d9c75b4da33,"It always has problems. In posts with many pictures, it often shows the second picture first. Other times, the app doesn't work without reason, as if the internet connection has stopped working (but in other apps, the connection works fine). The amount of RAM it consumes is terrible, and it seems to get worse with each update. It wasn't like that before. Quite a bad experience. 👎🏻",male,"Harare, Zimbabwe",2023-05-08,NEGATIVO,4,0.02570326,0.028758617,0.02386213,0.020740766,0.5114939,0.3894413
5fa9e5fd-c486-4045-83fc-93837c2fa3be,It needs a very large area and I don't have that space and I can't do without it.,male,"Krakow, Poland",2021-06-06,NEGATIVO,4,0.37814984,0.06766119,0.056232966,0.04899596,0.39879498,0.050165027
007c1ecd-42a2-43fd-a7c3-f492aa6dc6da,account locked access problems frequently,male,"Quebec City, Canada",2024-03-11,NEGATIVO,4,0.04511497,0.050667953,0.041890692,0.036457475,0.6072908,0.21857814
71d11fe2-e5fc-48d6-9a40-66e069c755d3,Resets the feed for whatever reason and idiots to whoever designed the call feature.,male,"Phoenix, United States",2024-02-10,NEGATIVO,5,0.06122832,0.068463564,0.056883402,0.049575716,0.082411386,0.6814376
10f10751-0ce5-470b-ab33-1e6fe870b745,"Buggy asf, and it won't let me post on mydays >:((",male,"La Paz, Bolivia",2024-11-08,NEGATIVO,4,0.061233424,0.06851719,0.31192657,0.04957727,0.45796198,0.05078354
3c1ac38d-fd0c-4319-983b-620e16f744d9,"I can't open my Instagram app, it always crashed, idk why....",male,"Wellington, New Zealand",2025-05-08,NEGATIVO,0,0.7538799,0.054988377,0.045741063,0.03982781,0.06479927,0.04076358
87b85130-9fff-467b-84c9-12e3fe21498b,"Não consigo mais logar na minha conta. Já troquei senha, já tentei acessar link de login... Nada funciona. Minha conta não foi suspensa nem hackeada. Faz quase 24 horas que não tenho mais acesso.",male,"Nairobi, Kenya",2023-03-05,NEGATIVO,3,0.06051917,0.06767071,0.056224566,0.6862213,0.07919239,0.050171908
8a28d833-2c76-443c-96c0-5c10b2e8b8db,"Watch video again , just loop the thing or restart if i scroll at it again. Stop chucking me into video blaster mode .",male,"Abuja, Nigeria",2023-04-06,NEGATIVO,4,0.06452735,0.07219828,0.059943475,0.052214477,0.6976626,0.053453818
9205dac8-54be-4dd2-8ce9-aa63601d22b4,So if you post something that's true they threatened to lock your account. Way to go brown coats.,male,"Austin, United States",2024-04-08,NEGATIVO,2,0.05408592,0.06019986,0.72401804,0.043594267,0.07341614,0.04468564
f270a446-2822-45ca-abfb-82e4b687d499,I could not get otp,male,"Philadelphia, United States",2024-07-11,NEGATIVO,3,0.33813363,0.06822671,0.05648609,0.40700448,0.07975162,0.050397456
78c2b9d5-21a4-40fb-ad1c-e1dd1cfe443a,Nice 👌👌👌,male,"Karachi, Pakistan",2022-05-03,NEGATIVO,3,0.065654956,0.07341347,0.060995843,0.52326775,0.08584151,0.19082652
42eff706-18d7-47e5-8b38-482d4f22df2d,ALGORITHM and some bugs and lags,male,"Hobart, Australia",2025-05-02,NEGATIVO,2,0.060532495,0.06768615,0.69287026,0.049033336,0.079655334,0.05022241
69a080df-b7c8-4b87-81d3-74f795daf05b,This was very bad because when delete the Instagram next new account will create old account didn't login why,male,"Philadelphia, United States",2023-11-03,NEGATIVO,3,0.039258767,0.043826923,0.036457147,0.49025646,0.35769928,0.032501433
20060781-0172-41be-8f82-4962c90fc45b,Faltu app h. Yha ladkiya replay Nhi deti h😢,male,"São Paulo, Brazil",2025-02-03,NEGATIVO,1,0.049431466,0.47216478,0.04588551,0.32691568,0.06474097,0.0408616
fe3bb2db-409f-4dce-83df-250f0c6297c9,Supar app hai bonloing bro,male,"Medellín, Colombia",2024-10-11,NEGATIVO,3,0.06282972,0.07024356,0.058490846,0.6737864,0.082660265,0.051989105
410046e1-5b50-4d71-a76c-402139233edf,Dear friend don't wàste your valuable time ..,male,"Philadelphia, United States",2024-01-11,NEGATIVO,2,0.0608674,0.06806015,0.4207464,0.049280394,0.08077775,0.32026792
f5a7cc6c-256b-4ea1-acb1-e0292d4c7a4a,Worst app..I just restricted my friend account but I can't unrestrict his account I was trying to unrestrict his account more than 1 hr..pls consider..this,female,"Perth, Australia",2025-12-02,NEGATIVO,4,0.040524203,0.04528405,0.037654422,0.032781538,0.810168,0.033587757
c05762cf-fbad-4663-b6a2-09c5bbfefa04,"Instagram is becoming like a adult only website, now it is only for adult people. Wherever you look there is sexual pornography going on, if I report pornography account you don't take action against those accounts. Now Instagram is very harmful for age group below 18.",male,"Taipei, Taiwan",2022-04-04,NEGATIVO,4,0.042112283,0.04705124,0.039112996,0.034038235,0.8028294,0.034855805
1aec8a63-3ded-4bc0-906a-3cf27d4b6168,Why the adds in reel 😑,female,"Christchurch, New Zealand",2025-06-05,NEGATIVO,1,0.05357416,0.73870844,0.04976342,0.043378152,0.070168436,0.0444074
a8b77b15-858e-4666-ac40-74dfc325edb0,"Just another Tik tok, reels spoiled everything!!!",male,"Houston, United States",2024-01-12,NEGATIVO,1,0.06074761,0.7031111,0.05643912,0.049216863,0.08011081,0.050374426
d8796141-ad78-4094-b643-323c85ac50ae,This app has many glitches a popular creator liked my story But that are not showing,male,"Osaka, Japan",2022-03-01,NEGATIVO,5,0.049074207,0.054739453,0.045508645,0.03961487,0.06430618,0.7467567
eb00ee10-bf86-4d35-b106-7ef97d878c0c,Time wasting,male,"Dakar, Senegal",2023-01-02,NEGATIVO,5,0.07439861,0.08318999,0.069121204,0.06023594,0.09727144,0.61578286
b07c2b31-aea9-4a06-bd15-c69be38fa456,Really!! Adds in reels!!,male,"Phuket, Thailand",2022-11-08,NEGATIVO,1,0.053735986,0.7357887,0.049919054,0.043512747,0.072493486,0.044550065
a5e23531-b2ec-488f-a8ff-5dfb4ed6ed09,Bad security,female,"Port Moresby, Papua New Guinea",2025-08-02,NEGATIVO,3,0.074398905,0.083190374,0.06911952,0.6139228,0.09767907,0.061689362
e37fd63d-d1da-4a7b-84bf-44b9e9aad31b,Hacked,male,"Bali, Indonesia",2022-08-08,NEGATIVO,2,0.074399315,0.08319092,0.62302583,0.060236007,0.097468935,0.061678953
ea919fda-4b9e-4f80-b489-75968bdaff9e,It's a Excellent app & My Feb app I Luvvvv It,male,"Birmingham, United Kingdom",2021-12-07,NEGATIVO,2,0.07452917,0.08330672,0.62233907,0.060247116,0.09787983,0.06169808
4e51669b-bd2e-4fef-9818-651b59b0704c,Op,male,"Montevideo, Uruguay",2024-10-03,NEGATIVO,4,0.16685303,0.18656923,0.15501288,0.13508964,0.21814944,0.1383257
0527ec73-1ffc-4b41-ae8a-cee7d11c76eb,Boring,male,"New York, United States",2023-08-11,NEGATIVO,4,0.16685303,0.18656923,0.15501288,0.13508964,0.21814944,0.1383257
4b474674-f5f8-4192-a736-138b11cc0c04,😈,male,"Austin, United States",2024-04-08,NEGATIVO,0,0.6943284,0.06926537,0.056694593,0.049403653,0.079744026,0.050564047
1af50b78-fdad-4d51-af2d-38d067fb1190,Please let me change my user ID,male,"Guadalajara, Mexico",2024-06-01,NEGATIVO,4,0.04435037,0.049719557,0.04122969,0.03591065,0.7920197,0.036769956
f76f65e3-030e-4ddc-9a21-fc6efc0ffcf9,Nice app,male,"Frankfurt, Germany",2022-02-01,NEGATIVO,5,0.062500656,0.06986744,0.058136765,0.05052242,0.0821039,0.6768688
0ec1e287-8faf-48a8-9802-c052c70f2a30,Please help my report message not a send to Instagram team I am not satisfied with you instagram team 😔 Agr mujhse koi glti hui h to maf kijiye mujhe 🙏🙏,male,"Medellín, Colombia",2024-11-11,NEGATIVO,3,0.039099425,0.043764535,0.03639404,0.7969068,0.051418632,0.032416586
09ce4e84-eea4-4b43-9726-803063e1f88d,Reels does not uploaded,male,"Beijing, China",2022-06-11,NEGATIVO,3,0.062068123,0.069553696,0.05766506,0.6777699,0.08147892,0.051464252
76b9bd6f-ee67-42d6-88c7-ac0bf87fa2c3,Don't use this app . If you use then you will be addicted of this .,male,"Salvador, Brazil",2025-01-06,NEGATIVO,4,0.06659083,0.07444837,0.061907858,0.053865027,0.68802834,0.055159602
9d84a0e6-02e9-44d3-b9eb-3230f9c0cf05,I can't mention messages in chat for some reason,male,"Budapest, Hungary",2021-07-12,NEGATIVO,5,0.05338049,0.05968847,0.04964355,0.04322009,0.07104002,0.72302735
88c9e2d2-df6a-4564-ba1c-ceaee0666c9c,"It sucks won't let me back in without a good reason. Says error try again in a few minutes.! Done everything I have been told to do to fix it. NOTHING, IG sucks.!!👎👎👎👎",female,"Sydney, Australia",2025-06-01,NEGATIVO,4,0.034461852,0.03862659,0.031989284,0.027882488,0.8384758,0.028563965
497f6bc7-c25b-4305-a944-dd5cccca1e39,It's really amazing 😍😍 the application setup couple/bf or gf 😁😁😁 try this application for your benefits 🥵,female,"Port Moresby, Papua New Guinea",2025-10-08,NEGATIVO,0,0.7421619,0.057101943,0.04645686,0.040510494,0.07227415,0.041494556
9412918b-56d7-4876-8b7f-26d58bca2aac,Can't log in anymore..keeps saying it they will send me a security code to my phone been trying forever..but not receiving code..keeps getting stuck on that page w the phone # can't do anything else i reainstalled it several times 😡😡,male,"Sydney, Australia",2025-05-01,NEGATIVO,5,0.033723224,0.2206233,0.031821012,0.027314974,0.04413262,0.6423849
cbf034e2-f7e3-4d9d-b34c-35b0cd2c01ba,गेट डायमंड फ्री फायर आईडी 10000000000,male,"Brussels, Belgium",2021-08-02,NEGATIVO,4,0.16685303,0.18656923,0.15501288,0.13508964,0.21814944,0.1383257
334a451d-ec1a-441d-b841-d0f949b2c1bc,Instagram not searching songs in Kannada and only showing English songs,male,"Santa Cruz, Bolivia",2024-12-12,NEGATIVO,5,0.056332916,0.06295,0.052314654,0.04558358,0.07377816,0.70904064
5e05738a-3563-4a4d-91cf-eb314d78cd59,Don't have dislike key,male,"São Paulo, Brazil",2024-10-09,NEGATIVO,4,0.16685303,0.18656923,0.15501288,0.13508964,0.21814944,0.1383257
539a8314-b029-479a-9518-ce7684d76a16,Bina vaja Ke ID band kar diya new id bhi nahi ban raha,male,"Bangalore, India",2022-08-08,NEGATIVO,4,0.062859856,0.07098484,0.058423083,0.05091226,0.70469224,0.05212772
b0681443-a704-4890-89d4-a5b8837d4139,Gud,male,"Durban, South Africa",2023-01-02,NEGATIVO,4,0.16685303,0.18656923,0.15501288,0.13508964,0.21814944,0.1383257
3773ab7b-d9aa-4e4c-9e7a-38c233e9bc86,Kya ghatiya application hai yar ladkiyon reply nhi karti 😏😒😒😏😏,male,"Salvador, Brazil",2025-01-02,NEGATIVO,1,0.04750038,0.76788205,0.044207707,0.03855805,0.062476195,0.039375562
8205ba9c-d81e-4fde-928e-63c1bd996545,Nice,male,"Toronto, Canada",2024-05-03,NEGATIVO,5,0.074398726,0.08319011,0.069119245,0.060235586,0.09727189,0.6157844
e6ed365e-a0e0-43bc-9277-7420877fedd4,My instagram account doesn't work again and again. I can't to have news feed for many hours.,male,"Denver, United States",2023-12-04,NEGATIVO,5,0.04534581,0.0504714,0.04195773,0.03655133,0.059926823,0.7657469
91c95332-4be7-49f6-8126-932c1f4be7ea,This is very beautiful app,male,"Calgary, Canada",2023-11-01,NEGATIVO,2,0.07452977,0.08330672,0.6223358,0.06024712,0.09788256,0.06169799
fd5951f8-f141-464a-869f-cb34e9f03ff2,"If I wanted my feed full of Reels I'd be on TikTok. I don't want Suggested Posts either and there needs to be a permanent OFF for that. But mostly, you need to fully restore Tags instead of making it random what actually shows up on tags.",male,"Brasília, Brazil",2024-11-01,NEGATIVO,3,0.03501479,0.03893472,0.03252108,0.8192334,0.04555385,0.028742095
9040b897-3918-4d88-aa83-3b6b60da8be8,👍,male,"Addis Ababa, Ethiopia",2023-02-07,NEGATIVO,4,0.07439919,0.083243765,0.069119744,0.060235906,0.6513225,0.061678868
facbce3c-c731-42a9-b032-22ae03e77ca0,"Someone hacked my account, someone used it for what looks like a very long time. Can't find anywhere in the app to just delete the account and it's literally not allowing me to unfollow the people this person followed while using my account. I don't know these people why would I want to follow them?",male,"Medellín, Colombia",2024-08-04,NEGATIVO,2,0.032066215,0.03609651,0.8363441,0.025903918,0.042917106,0.026672097
446505e5-8edf-4420-b967-970d509e2f86,Time to find a similar app.,male,"Fortaleza, Brazil",2024-08-02,NEGATIVO,5,0.061534256,0.06878445,0.057261758,0.049730144,0.08089164,0.68179774
c2e76a34-0e4d-4333-8d64-d3b8962eef9d,"Once again we are back with the same issues prior to my previous review. Not that I want to, I can not watch ANY REELS without them just freezing, it's becoming very annoying to use your app I have to switch my phone off and on. My experience with your app was alot more fun prior to your recent updates! How about instead of adding updates, maybe putting a bit more focus on fixing the issue/issues with your App!",male,"San Jose, United States",2024-02-01,NEGATIVO,4,0.032876085,0.0368021,0.030594714,0.026624937,0.8458176,0.02728453
62a1b9b9-c6ed-4abe-9968-b1d22aa2983d,"Adds, Adds, Adds….",male,"Bangalore, India",2022-05-11,NEGATIVO,1,0.07439951,0.6372939,0.06911949,0.06023577,0.097272545,0.061678726
30ff62aa-0373-405b-ad12-57f4d5f8f404,Adds all the time,male,"Montevideo, Uruguay",2024-11-08,NEGATIVO,1,0.060736656,0.42025864,0.05642835,0.049174353,0.07940938,0.3339927
e6a37e7b-4d80-4190-a21c-64ea954a9b8b,"THIS APP IS THE WORST, THEY DISABLED MY ACCOUNT SAYING I VIOLATED THE GUIDELINES AND OF COURSE I DID NOT AND I'VE DONE EVERYTHING TO GET IT BACK BUT NO I'M STILL WAITING.THEY DON'T EVEN RESPOND BACK TO YOUR EMAILS OR ANYTHING.YOUR HELP CENTER IS EVEN WORSE.THIS IS THE WORST APP EVER👎👎",male,"Nairobi, Kenya",2023-07-08,NEGATIVO,4,0.03409578,0.038005054,0.031398635,0.027301261,0.8412187,0.027980566
9c33b7cc-e518-4f7d-b4d4-6392802ce720,"late notifications, can't open the photos again",male,"Madrid, Spain",2021-09-08,NEGATIVO,3,0.053047862,0.059212133,0.049313873,0.72525203,0.0692414,0.043932736
30ca36e9-f905-4e05-bd3d-c9b36caaf94f,Nice but too many adds,male,"Los Angeles, United States",2023-10-02,NEGATIVO,5,0.053580172,0.30891573,0.04951109,0.043152217,0.06967932,0.47516143
592d9ec0-422f-4e7b-b6e5-97e270cd7d60,"I can't upload a story even it didn't against the community, I thought this app is good for social but it's disappointing. Fix the issue",male,"Kumasi, Ghana",2023-03-03,NEGATIVO,4,0.03949616,0.044161193,0.036705542,0.03196823,0.8149222,0.03274659
413eeabc-0d8f-4a1d-965c-22cadcb12ee2,Kya h ye ik delete karado to I'd nahi milti kuch logo ki 😖,male,"Caracas, Venezuela",2024-11-08,NEGATIVO,2,0.05333446,0.060689207,0.7290833,0.043123666,0.06960205,0.044167317
31eb6b65-d251-492d-9ec0-480faf6896fc,"Very slow, reels wont upload",male,"Austin, United States",2023-10-06,NEGATIVO,4,0.061879784,0.06963165,0.057492774,0.050142553,0.7095299,0.05132333
23d8ef44-85ef-4c1e-a187-6753e44a683c,whenever i post anything Instagram reduces its Picture quality and photos become blur on story Plz help,male,"Caracas, Venezuela",2025-02-06,NEGATIVO,5,0.044509213,0.049742445,0.04141187,0.036023308,0.058351763,0.7699614
5ff26f5d-8e47-4824-981e-8e93f6d2419c,I can't react and reply to a particular text Annoying👎🏻,male,"Bogotá, Colombia",2024-09-01,NEGATIVO,4,0.038947992,0.04357296,0.03627016,0.031553116,0.8173553,0.03230047
34974600-3bbb-40cb-8e36-de082e958e25,😑🤬🤬🤬,female,"Adelaide, Australia",2025-10-04,NEGATIVO,1,0.074478686,0.6371781,0.069143385,0.06024936,0.097271875,0.061678626
76ad39f9-adf2-4e60-a497-0560c0f91928,"Poooooooooo, racist",male,"Shenzhen, China",2022-06-10,NEGATIVO,4,0.16685303,0.18656923,0.15501288,0.13508964,0.21814944,0.1383257
7a40bfe1-1ae5-4480-a692-9da45d358922,instagram my user id -its-arpita-singha,male,"Dublin, Ireland",2021-12-04,NEGATIVO,4,0.053379804,0.059891384,0.049552217,0.043156087,0.7498179,0.04420254
0443c517-b292-442b-b9e3-29e00a39002d,This is a sad 😢,male,"Rosario, Argentina",2025-02-05,NEGATIVO,1,0.074478924,0.6371779,0.069143385,0.060249332,0.09727187,0.061678622
e5fdd55f-183f-421d-99d1-2d88b3a0c72a,Requires phone number to sign up.,male,"Arequipa, Peru",2024-08-11,NEGATIVO,5,0.060538042,0.06769173,0.056242116,0.04901345,0.07918587,0.68732876
2eeb590a-018b-479e-8869-55f80bee3965,It don't work at allll fix it or it well go down,male,"Caracas, Venezuela",2024-12-05,NEGATIVO,5,0.060563147,0.06772411,0.05629853,0.049035944,0.38105327,0.385325
517a3075-d87b-405d-acae-27267a5d763c,Reels not viral 🥲,male,"Quito, Ecuador",2025-03-12,NEGATIVO,1,0.38915655,0.40169585,0.050054163,0.043651745,0.070771545,0.04467019
bb7ba2f7-c5f0-4d27-8fa5-eed0240e11d0,"Reels are uploaded upside down. This sucks, i tried reinstalling, clearing cache, clearing data. Have done everything possible. This is worse. In world so focused on reels it's frustrating to see this not working out.",male,"Berlin, Germany",2021-07-06,NEGATIVO,3,0.03296561,0.15611613,0.030570494,0.44938836,0.30371854,0.027240844
302d2dfa-0c7d-454f-a75d-eb305db43134,"Nice, but problems uploading reels",male,"Kampala, Uganda",2023-07-11,NEGATIVO,5,0.053784672,0.060819633,0.049901918,0.04348004,0.07073127,0.7212825
0e0b55d2-82a9-44da-ae66-0d501999a510,"In questo periodo da molti problemi, sopratutto per quanto riguarda le storie",male,"Athens, Greece",2021-12-11,NEGATIVO,4,0.16685303,0.18656923,0.15501288,0.13508964,0.21814944,0.1383257
3e7ba973-5abe-4925-98ea-c88bc3b62e50,Not open this app please help me 😞,male,"La Paz, Bolivia",2024-11-03,NEGATIVO,2,0.045028083,0.050802674,0.77167726,0.036372207,0.05888791,0.037231907
2108db39-4feb-45bd-aa2a-12a3c82851f3,Editing is not perfect becouse I use editing my video some issues with edit,male,"Boston, United States",2023-08-12,NEGATIVO,4,0.053225674,0.059515905,0.04944886,0.043101635,0.75058246,0.044125456
3826daef-22fb-44c7-b08b-004e5b85f359,Awesome but crashes frequently,male,"Durban, South Africa",2023-08-05,NEGATIVO,2,0.060512185,0.06766302,0.69287056,0.048994064,0.07978168,0.05017846
afe9942d-6588-483a-b03b-00221f84518b,Suddenly reels have become so annoying... I get 4-5 ads after every 2-3 reels which just pisses me off.. i would love to uninstall this app if it is isn't fixed soon enough,male,"Guayaquil, Ecuador",2025-02-05,NEGATIVO,5,0.040037163,0.044843335,0.037148632,0.032360673,0.052490134,0.7931201
bfc40d45-8dd7-4d97-8096-ba1f551f9bad,The man behind the Slaughter...,male,"Harare, Zimbabwe",2023-04-08,NEGATIVO,4,0.16685303,0.18656923,0.15501288,0.13508964,0.21814944,0.1383257
86afeff1-6c9f-4b76-be9f-70bd148292bc,Not good service Intergram,male,"Frankfurt, Germany",2021-08-06,NEGATIVO,4,0.07439866,0.083190076,0.0691192,0.06023553,0.65137804,0.061678477
487fb6e6-e9fc-4b99-997c-25f7a8034022,Ok but poor user support ,male,"Krakow, Poland",2022-01-01,NEGATIVO,4,0.053021926,0.059287515,0.0492593,0.28142795,0.513047,0.043956432
c8d6e299-3ef3-4b06-8723-00fbab4439b9,زربه,male,"Houston, United States",2024-04-03,NEGATIVO,4,0.16685303,0.18656923,0.15501288,0.13508964,0.21814944,0.1383257
36648a1a-84e8-4532-93ce-ceb0571209b8,Bekar sa app hai koi ladki reply tak ni karti na hi MSG seen hota hai Faltu hai bilkul,male,"Stockholm, Sweden",2021-06-10,NEGATIVO,3,0.046574444,0.05208085,0.043283645,0.7582509,0.06121432,0.03859584
b49bb517-54ed-4a21-afb2-5831fa39d7da,I have no effect,female,"Hobart, Australia",2025-10-10,NEGATIVO,4,0.16685303,0.18656923,0.15501288,0.13508964,0.21814944,0.1383257
050b6004-7efe-4b24-a7eb-90ea2e5e7d5d,لم يصل الي تحديث المرسلات 😒,female,"Nadi, Fiji",2025-08-11,NEGATIVO,1,0.0744795,0.6371773,0.069143385,0.06024932,0.09727186,0.06167862
af9e8c37-96b9-4e60-a685-1559606f94d9,It was all good till today..... today when i updated the app... I'm not able to react on messages... cannot even mention a message to which I'm replying...till today i was able to do these things...but after update it's all 👎👎 and also most of the audios on reels or stories are unavailable for me...🙄 Please solve these problems,male,"Seville, Spain",2022-02-03,NEGATIVO,2,0.030272495,0.034062915,0.5216448,0.024495687,0.36443394,0.02509009
8fdee055-a646-4b74-9894-ef993cd49cfd,My account got hacked,male,"New York, United States",2024-04-09,NEGATIVO,4,0.054012284,0.06032827,0.30932382,0.04368313,0.4879213,0.044731196
bb95cefd-007c-44e6-8039-2817710803f7,"Bad, terrible logging",male,"La Paz, Bolivia",2024-09-04,NEGATIVO,3,0.0743989,0.08319037,0.06911951,0.6139158,0.09768606,0.06168937
4990842d-3b85-48de-a1b0-ed269a618be8,Poulas petrus😎,male,"Caracas, Venezuela",2024-10-09,NEGATIVO,0,0.6942828,0.06931085,0.05669461,0.049403664,0.07974402,0.05056404
7d4b6806-3a79-4c2e-a14a-423bc73bfd63,Worst app because my girlfriend blocked me in Instagram please first delete the option of blocking in Instagram,female,"Auckland, New Zealand",2025-08-01,NEGATIVO,2,0.03792786,0.04236188,0.69648176,0.030677387,0.1611317,0.03141941
c8b0ec34-e58c-44a7-ad98-a7bf2f8cf0fe,Turning into Tiktok,male,"Durban, South Africa",2023-04-05,NEGATIVO,3,0.074399404,0.08319103,0.06911985,0.61433065,0.097273365,0.061685625
7bb6c32c-bde6-40d6-a0d7-2cd698663e63,Update ho gya he,male,"Geneva, Switzerland",2022-02-05,NEGATIVO,4,0.0743993,0.08319047,0.06911949,0.06023575,0.6513763,0.061678726
639e2760-c86a-41b8-a1b6-0c9fccf979a1,please help me below mentioned message showing in 2 days we are sorry but something went wrong instagram,male,"Bogotá, Colombia",2025-03-03,NEGATIVO,5,0.035525385,0.039713524,0.033045646,0.028760867,0.046667337,0.8162872
b928bf6d-728e-4b50-ad85-49a1d92e0b9b,Too many thieves,male,"Manila, Philippines",2022-11-06,NEGATIVO,0,0.6284696,0.08319005,0.06911921,0.06024181,0.097273484,0.061705865
d3049288-026d-414d-887b-de76bd468722,Too many questions,female,"Suva, Fiji",2025-12-01,NEGATIVO,0,0.6284696,0.08319005,0.06911921,0.06024181,0.097273484,0.06170583
8bf0db9d-ab9d-435f-8a1a-7f1808a6f290,Loggin issues,male,"Delhi, India",2022-11-12,NEGATIVO,4,0.07439876,0.08319413,0.069119364,0.060263187,0.651346,0.061678544
c85d86d8-d146-4a5b-a5a6-a36674c84a55,"I can't put Malayalam,Tamil,hindi lanaguge songs on story",female,"Gold Coast, Australia",2025-08-04,NEGATIVO,5,0.06066023,0.0678283,0.05635566,0.049113013,0.07956978,0.6864731
11392dcf-6941-4fba-9335-544e2d0008d0,Very bad experience and I got hacked!!,male,"Cairo, Egypt",2023-02-07,NEGATIVO,4,0.048394002,0.054208446,0.27014744,0.039202023,0.54796034,0.04008774
7101fa65-bc10-44ea-92f2-6105c0f66eeb,It is easy to get you access stole,male,"Jacksonville, United States",2023-10-08,NEGATIVO,5,0.06202274,0.069103226,0.05712046,0.0497487,0.08038461,0.6816203
6f30fbb6-e2c3-4447-be2a-3f777caa1dc8,My I'd is blocked for Instagram Help me Coconut them,female,"Canberra, Australia",2025-07-02,NEGATIVO,2,0.053573225,0.059805773,0.7286208,0.043313988,0.07030888,0.044377334
4a4b1eff-98de-43a7-a289-d5106765451c,My posts suddenly stopped reaching people… no explanation. Feels like I’m being censored.,male,"Windhoek, Namibia",2022-12-01,NEGATIVO,2,0.05327447,0.06054004,0.7283879,0.04293188,0.07091809,0.043947626
00f60a42-b9f1-459c-985c-939b46f9a2e6,I feel like I'm gonna mad i enter the right password but i can't log in i try so many times but still i can't login please fix this. I realise this is worst app ever very very angry 😡😡😡😡😡,female,"Brisbane, Australia",2025-05-10,NEGATIVO,3,0.03413768,0.038477477,0.0316301,0.58492976,0.2824184,0.02840663
f334fa67-2501-40f0-be68-f522e84a5ffe,"My mobile is not open Instagram shreen Black/white problem ,my mobile realme 6i",male,"Dakar, Senegal",2023-07-01,NEGATIVO,0,0.73181564,0.060160857,0.049825307,0.043377448,0.07039875,0.044421986
4d2bbf81-64cf-43a8-9572-476d5a0fbce4,"Won't let me post reels with music that they provide playing in my reel. Said that I was restricted, don't know what I did wrong.",male,"Chennai, India",2022-10-02,NEGATIVO,4,0.03936594,0.044144265,0.036645256,0.031883776,0.43217108,0.4157897
5270cbf3-fcc1-4722-ab00-295ee84d5fbc,"Very bad. I got flagged for something harmless, but I still see worse content everywhere.",male,"Bangkok, Thailand",2022-11-07,NEGATIVO,4,0.03923044,0.13928606,0.036503,0.03178035,0.72065854,0.032541607
7d157d23-16ea-4323-99bf-390e4324f06a,👵🏻,female,"Melbourne, Australia",2025-09-08,NEGATIVO,4,0.052930567,0.059185486,0.049174443,0.0428541,0.7519747,0.04388069
d194e61d-037f-4053-9cf9-1722274a0847,The main problem is that there are too many bots and fake accounts. It makes it harder to grow.,male,"Tokyo, Japan",2022-11-12,NEGATIVO,0,0.82213545,0.03993189,0.033028774,0.028774768,0.046662,0.029467123
21bf968f-1222-43e6-8865-c860fbc25267,"So far, the app feels too complicated now. It ends up feeling repetitive.",male,"Bali, Indonesia",2022-04-10,NEGATIVO,2,0.03938012,0.044110317,0.80076915,0.031796545,0.051386375,0.032557543
58bb4b78-e07a-4e5a-84e9-b0f67cf6a4de,The main problem is that my posts barely reach anyone anymore. It gets frustrating after a while.,male,"Kathmandu, Nepal",2022-07-11,NEGATIVO,2,0.03557382,0.039963394,0.8200316,0.028662197,0.046413485,0.02935553
3377e522-6dff-43a5-9c24-eb0a2134e4d6,What bothers me is that i have followers but very little engagement. It makes the app harder to enjoy.,male,"Lagos, Nigeria",2023-01-09,NEGATIVO,1,0.037441928,0.81712157,0.034767922,0.03025743,0.04942752,0.030983651
e1ee4ce3-794d-4cfe-be32-8dd98d1cc530,"Personally, there are too many bots and fake accounts.",male,"Munich, Germany",2021-09-08,NEGATIVO,0,0.7778867,0.049702503,0.04125875,0.0359497,0.0583883,0.036814045
51bb8bd3-bdf7-442b-b748-e6f0ab76aa43,The main problem is that i keep seeing the same content repeatedly. It makes it harder to grow.,male,"Rome, Italy",2021-11-08,NEGATIVO,1,0.03555826,0.82688826,0.032962967,0.028721552,0.04645871,0.029410325
57acdfb2-309f-4848-be74-5fbda38dd78b,"Personally, i have followers but very little engagement. It makes it harder to grow.",male,"Bangalore, India",2022-03-12,NEGATIVO,1,0.03936525,0.8082156,0.03645778,0.031765904,0.051668566,0.032526918
65e2f729-5c9e-4705-9481-316803b4fec7,The main problem is that my account got restricted without a clear reason.,male,"São Paulo, Brazil",2024-12-07,NEGATIVO,4,0.037172332,0.041824605,0.034472983,0.03002046,0.8257646,0.03074499
0c79f0e6-cd28-4846-bb9b-2434537a9159,I’d say you need to pay to get visibility. It makes it harder to grow.,male,"Rosario, Argentina",2025-03-12,NEGATIVO,0,0.8139491,0.04176302,0.034582194,0.030132936,0.0487177,0.03085506
edb20293-2262-434f-acd7-6cb471b07824,"For me, the app feels too complicated now. It slows things down.",male,"New York, United States",2023-08-10,NEGATIVO,2,0.04463412,0.049923107,0.7738551,0.036046963,0.058631252,0.036909476
107de602-31a5-49a7-8db4-af1b96c71998,"Honestly, it feels like everything is about Reels now. It gets frustrating after a while.",male,"Cancun, Mexico",2023-09-05,NEGATIVO,1,0.039340004,0.8085035,0.036445286,0.03174571,0.05146283,0.032502666
1077c2c3-5657-4f96-a5c6-392677d9d6fb,What bothers me is that i have followers but very little engagement. It gets frustrating after a while.,male,"Fortaleza, Brazil",2024-10-06,NEGATIVO,1,0.041459657,0.797681,0.038467906,0.033506077,0.054574937,0.03431052
b84c783a-f68c-47ab-90a7-94fda5197341,"I wanted to like it, but my account got restricted without a clear reason.",male,"Alexandria, Egypt",2023-07-09,NEGATIVO,4,0.037215214,0.041658856,0.034493145,0.03005794,0.825797,0.030777786
3cc31279-f828-4ae7-96a3-5cc743bd0abb,"I wanted to like it, but sometimes it feels hard to grow organically. It makes the app harder to enjoy.",female,"Gold Coast, Australia",2025-12-04,NEGATIVO,0,0.8350612,0.037012026,0.030641777,0.026689852,0.043267023,0.027328148
4c1fc136-23a3-4ea4-89ac-b78d2a876f54,The main problem is that my posts barely reach anyone anymore. It slows things down.,male,"Osaka, Japan",2022-06-08,NEGATIVO,2,0.035421222,0.039787196,0.8203915,0.028622447,0.046466127,0.029311541
8cb60d64-d4c7-4c36-8481-1daac0bb0683,"For me, it makes me compare myself too much.",male,"Kathmandu, Nepal",2022-11-09,NEGATIVO,1,0.053573146,0.73888004,0.049747456,0.04334977,0.070055574,0.04439409
2bda8f9a-40c0-4b4f-889a-dd11efdd8112,The main problem is that the app feels too complicated now. It makes it harder to grow.,male,"Philadelphia, United States",2024-07-04,NEGATIVO,0,0.81334174,0.041948352,0.03468998,0.030180486,0.04893411,0.030905357
6c15b518-33ef-464c-b109-22465de851b1,"Personally, sometimes it feels hard to grow organically. It makes it harder to grow.",male,"Brasília, Brazil",2024-12-12,NEGATIVO,0,0.8093682,0.042755246,0.035432924,0.030871063,0.049962997,0.031609576
b27ea9e8-fb9f-4abd-a0f7-3b7d51cbaa41,"For me, my posts barely reach anyone anymore. It makes it harder to grow.",male,"Geneva, Switzerland",2022-01-09,NEGATIVO,2,0.23871534,0.04195419,0.609426,0.03015897,0.048862983,0.03088254
5a51710f-7c88-461e-815f-3832d8e53f8a,The main problem is that you need to pay to get visibility. It ends up feeling repetitive.,male,"Montreal, Canada",2024-07-02,NEGATIVO,0,0.8229595,0.039864164,0.03290682,0.02863772,0.04630644,0.029325418
774a7663-681e-42aa-8661-9924aa7e79e1,"So far, the app feels too complicated now. It makes it harder to grow.",female,"Wellington, New Zealand",2025-08-10,NEGATIVO,0,0.80291164,0.044188008,0.036685273,0.031900305,0.051650435,0.032664303
3617e262-805c-4ab3-aa76-9a49624df475,The main problem is that i have followers but very little engagement. It ends up feeling repetitive.,female,"Melbourne, Australia",2025-05-10,NEGATIVO,1,0.03702104,0.8194671,0.034382794,0.0299401,0.04853086,0.030658111
8a1ab133-a5cb-4caa-98c0-cf5072b40509,What bothers me is that you need to pay to get visibility. It makes it harder to grow.,male,"Chicago, United States",2024-07-04,NEGATIVO,0,0.6801919,0.17322192,0.03469415,0.030157022,0.050858192,0.030876895
81857e72-572e-4fb1-8aa8-fc1f065a2155,I’d say i keep seeing the same content repeatedly. It makes it harder to grow.,male,"Shenzhen, China",2022-09-06,NEGATIVO,1,0.037255295,0.8186728,0.034527633,0.030087035,0.04864949,0.030807776
4ab90630-35ce-4e1e-b963-ca422920603d,One issue is that it feels like everything is about Reels now. It makes the app harder to enjoy.,female,"Christchurch, New Zealand",2025-05-04,NEGATIVO,1,0.034255706,0.52724165,0.03176429,0.027655054,0.35077456,0.02830873
f3af68a1-a0fb-40b5-96ed-c60ca0d4700c,The main problem is that there are too many bots and fake accounts. That part could definitely be improved.,male,"São Paulo, Brazil",2024-11-04,NEGATIVO,0,0.47789916,0.038163755,0.031569712,0.3794418,0.044761527,0.028164051
cc023524-83e8-4f2a-911e-abe8cb212ebf,"I wanted to like it, but my account got restricted without a clear reason. It slows things down.",male,"Kuala Lumpur, Malaysia",2022-10-01,NEGATIVO,4,0.03406698,0.038140222,0.03158347,0.0275093,0.8405318,0.028168222
a8ffe49d-1e2d-4e0b-bb62-c895e5af153d,"In my experience, i keep seeing the same content repeatedly. It gets frustrating after a while.",male,"Medellín, Colombia",2025-02-12,NEGATIVO,1,0.039082225,0.8096927,0.036253855,0.03157968,0.0510536,0.03233798
a6300d0c-b83e-436e-b8d7-2d5da0c27077,"In my experience, my posts barely reach anyone anymore. It gets frustrating after a while.",male,"Rio de Janeiro, Brazil",2024-12-07,NEGATIVO,2,0.037247993,0.04169247,0.81171095,0.030034063,0.04855624,0.030758228
9f353abc-9031-47c6-8a23-ec5560ee99c9,I’d say it feels like everything is about Reels now. It slows things down.,male,"Tel Aviv, Israel",2022-11-02,NEGATIVO,1,0.039136946,0.8089789,0.036317736,0.031607866,0.051598873,0.032359745
109a7ea2-7e73-40d7-b55c-6a3d5839cc30,"For me, i have followers but very little engagement. It slows things down.",male,"Fortaleza, Brazil",2024-10-11,NEGATIVO,1,0.044267654,0.78353804,0.04111795,0.03578784,0.058643058,0.036645435
f71a5386-399d-4aa9-9c0d-a445c3395103,"For me, my account got restricted without a clear reason.",male,"Osaka, Japan",2022-06-10,NEGATIVO,4,0.041435502,0.046316683,0.038485464,0.033536892,0.8058832,0.0343422
cdc4f46a-01fe-4680-987c-52bad3ff5542,"Honestly, it makes me compare myself too much. It gets frustrating after a while.",male,"Phuket, Thailand",2022-05-03,NEGATIVO,1,0.041815236,0.7966013,0.03873957,0.033751067,0.0545289,0.034563992
24d7767f-7477-470f-9018-6ca43c545610,I’d say my posts barely reach anyone anymore. That part could definitely be improved.,male,"Valencia, Spain",2021-12-07,NEGATIVO,2,0.033953637,0.03812072,0.50270885,0.35263878,0.044489615,0.028088463
7c13481e-e652-49d0-aab9-afb2c4e900ef,What bothers me is that it feels like everything is about Reels now. It ends up feeling repetitive.,male,"Seattle, United States",2024-07-05,NEGATIVO,1,0.03718676,0.81857395,0.03453762,0.030063745,0.04885861,0.030779336
933028e0-3fcb-4525-b177-26c7ac8540cb,"I wanted to like it, but i keep seeing the same content repeatedly.",male,"Valparaíso, Chile",2024-09-05,NEGATIVO,1,0.041401956,0.7982472,0.038411476,0.03347405,0.054190412,0.034274835
035a6ba1-7856-470c-83ef-8e9e7dd7783f,"Honestly, it feels like everything is about Reels now. It makes the app harder to enjoy.",male,"Kumasi, Ghana",2023-06-02,NEGATIVO,1,0.03582269,0.8254265,0.033223696,0.028916059,0.047004826,0.029606258
629fee3d-3e7a-4e28-81f1-243cf3ad3ec5,One issue is that my account got restricted without a clear reason. It ends up feeling repetitive.,male,"Chicago, United States",2023-08-12,NEGATIVO,4,0.03274011,0.26093078,0.030410163,0.026442477,0.6224013,0.02707521
1ae23172-28c9-4fd7-976f-48db9d2b92ff,"So far, you need to pay to get visibility. It ends up feeling repetitive.",male,"Lisbon, Portugal",2022-01-02,NEGATIVO,0,0.81467354,0.041668646,0.034479648,0.030003365,0.048452508,0.030722339
18e251cb-19d2-41df-b47e-379d8ded3b61,"In my experience, the app feels too complicated now. That part could definitely be improved.",male,"Kuala Lumpur, Malaysia",2022-05-09,NEGATIVO,3,0.03739148,0.041849565,0.31999373,0.5207758,0.049085956,0.030903412
a86ec8d3-b9b2-4651-b81f-baac8dbfa986,What bothers me is that my posts barely reach anyone anymore. It ends up feeling repetitive.,male,"Durban, South Africa",2023-04-11,NEGATIVO,2,0.035341278,0.03964095,0.8208308,0.028594013,0.04631365,0.029279333
904f9015-040b-47fd-a5f7-fad5b15fbdbf,I’d say it feels like everything is about Reels now. It makes the app harder to enjoy.,male,"Helsinki, Finland",2022-02-05,NEGATIVO,1,0.035683934,0.82608443,0.033096768,0.02880312,0.04684118,0.029490553
763a2604-d826-4928-8fef-2d348a30121d,"For me, i have followers but very little engagement. It makes the app harder to enjoy.",male,"São Paulo, Brazil",2024-10-05,NEGATIVO,1,0.039467618,0.807442,0.036634915,0.03188349,0.05192266,0.03264934
29f23394-f12b-452b-b3ab-5b43b322b5ec,"In my experience, i keep seeing the same content repeatedly. It ends up feeling repetitive.",male,"Mexico City, Mexico",2024-03-04,NEGATIVO,1,0.037018698,0.8195961,0.034388714,0.029942684,0.048393805,0.030659953
93526438-a65d-4493-b4a1-220e09e3689f,"So far, the app feels too complicated now. It slows things down.",male,"Córdoba, Argentina",2024-11-06,NEGATIVO,2,0.041795935,0.046696525,0.78843707,0.033737767,0.054787394,0.034545228
74ca5aba-099f-4619-a297-b0b7273aac4e,"So far, sometimes it feels hard to grow organically. It makes the experience less enjoyable.",male,"San Diego, United States",2024-05-06,NEGATIVO,0,0.82917184,0.038402334,0.031757675,0.027642043,0.044723324,0.028302744
bd8a2ca4-fd48-455f-8d2c-b0c2ead4fa30,What bothers me is that it feels like everything is about Reels now. It slows things down.,male,"Tel Aviv, Israel",2022-10-11,NEGATIVO,1,0.039157268,0.8085857,0.036360253,0.03163854,0.051867366,0.032390878
6ca78fbb-ab94-42a4-92ed-84bac7aefa18,"In my experience, i have followers but very little engagement. It ends up feeling repetitive.",male,"Fortaleza, Brazil",2024-10-08,NEGATIVO,1,0.03899718,0.8097867,0.036226645,0.03153879,0.05115638,0.032294285
b152ae31-57b7-4b66-b59d-c1408437530b,"In my experience, you need to pay to get visibility. It gets frustrating after a while.",male,"Medellín, Colombia",2025-01-01,NEGATIVO,0,0.7901908,0.04707627,0.0390112,0.03397846,0.054949872,0.034793455
eef0859f-aa5f-4b4c-b394-6f25ac2a8725,I’d say it makes me compare myself too much. It slows things down.,male,"Frankfurt, Germany",2021-09-07,NEGATIVO,1,0.0416137,0.7969809,0.038625956,0.033620153,0.05473138,0.0344279
06aebc19-b95a-43c1-8cfe-f23381ec6071,"I wanted to like it, but my account got restricted without a clear reason. That part could definitely be improved.",male,"Phoenix, United States",2023-11-08,NEGATIVO,4,0.031616364,0.035378013,0.029330136,0.025608402,0.8518955,0.026171532
3053241a-6469-4cdc-b683-496b6d38bf08,"Personally, you need to pay to get visibility. It slows things down.",male,"Guadalajara, Mexico",2023-09-08,NEGATIVO,0,0.80456275,0.04377293,0.036302004,0.03160655,0.051391445,0.032364216
b2af9d79-6627-40ac-a8b9-0127e00964fc,"Personally, it makes me compare myself too much. It makes the experience less enjoyable.",male,"Edinburgh, United Kingdom",2022-01-12,NEGATIVO,1,0.03923383,0.8088235,0.036404632,0.03170046,0.051376566,0.032460947
b53325bb-2b4d-493b-91d8-51f17419f36c,"I wanted to like it, but the app feels too complicated now. It makes it harder to grow.",male,"Paris, France",2021-10-10,NEGATIVO,0,0.81309026,0.041953884,0.034727518,0.030220604,0.049064595,0.030943062
4ecea54f-4f68-44f8-9e1b-c71bff4894c4,I’d say sometimes it feels hard to grow organically. It makes the app harder to enjoy.,male,"Calgary, Canada",2023-10-01,NEGATIVO,0,0.8287653,0.038424794,0.031829696,0.027722353,0.044871766,0.028386123
547eae48-f992-4afb-9b0c-0e30cfc2c45a,"Honestly, i have followers but very little engagement. It gets frustrating after a while.",male,"Glasgow, United Kingdom",2021-12-02,NEGATIVO,1,0.041542422,0.797676,0.038497932,0.03354235,0.05439326,0.03434803
df5da797-9f0a-4040-a63d-0dceca32c299,"Honestly, there are too many bots and fake accounts. It makes the experience less enjoyable.",male,"Santiago, Chile",2025-01-10,NEGATIVO,0,0.8216823,0.040113132,0.03311865,0.028830275,0.04673424,0.029521463
147f4a76-fb0c-4503-8b7e-1e3e862a3d8a,The main problem is that you need to pay to get visibility. It makes the app harder to enjoy.,female,"Sydney, Australia",2025-12-07,NEGATIVO,0,0.82904136,0.03840337,0.03176137,0.027660955,0.044807285,0.028325705
0dc304de-2fc0-482f-8ca0-dfd61766e4d9,"Personally, sometimes it feels hard to grow organically. It slows things down.",male,"Lima, Peru",2025-01-09,NEGATIVO,0,0.8140959,0.041641556,0.03453799,0.03007115,0.048862733,0.030790603
262974cf-de87-4147-85d3-4a4c4355ef03,"For me, it feels like everything is about Reels now. That part could definitely be improved.",male,"Jacksonville, United States",2023-11-03,NEGATIVO,3,0.03724898,0.041907646,0.034555074,0.80636907,0.049110733,0.03080842
b09b6dbb-a1df-4215-bccc-deba975bf076,"For me, there are too many bots and fake accounts. It gets frustrating after a while.",male,"Krakow, Poland",2022-02-10,NEGATIVO,0,0.7925325,0.046487007,0.0385597,0.033595793,0.054421127,0.0344039
ac790b45-4a8d-45b1-9dc5-1eee026c381f,"Personally, my account got restricted without a clear reason. It slows things down.",male,"Cancun, Mexico",2023-12-12,NEGATIVO,4,0.03546408,0.03967795,0.032919887,0.028668541,0.833913,0.029356506
f5609d6b-81a3-4ddf-bff2-7b810c0d106b,"In my experience, you need to pay to get visibility. It makes the experience less enjoyable.",male,"Kuala Lumpur, Malaysia",2022-06-02,NEGATIVO,0,0.80937463,0.042905405,0.03541679,0.030821456,0.049922597,0.03155914
84bddff6-a89b-4b6f-b1f8-7690784810b9,One issue is that my posts barely reach anyone anymore. It ends up feeling repetitive.,male,"Stockholm, Sweden",2021-07-08,NEGATIVO,2,0.033899542,0.03799686,0.6728306,0.027434813,0.19975615,0.028082035
896b49c5-6f47-41ca-bf86-e0e90580894e,"In my experience, it feels like everything is about Reels now. It makes it harder to grow.",female,"Christchurch, New Zealand",2025-05-11,NEGATIVO,1,0.03725422,0.81861174,0.034503844,0.030052386,0.048810385,0.030767435
8bbda29b-1d6b-41f8-b04e-803808a5de7e,I’d say there are too many bots and fake accounts. It gets frustrating after a while.,male,"Alexandria, Egypt",2023-04-09,NEGATIVO,0,0.8044324,0.0438582,0.036341906,0.031662103,0.05128221,0.032423206
ebe1db41-7c64-4750-a7d6-8a60afc9a5ff,I’d say it makes me compare myself too much. It makes the app harder to enjoy.,female,"Port Moresby, Papua New Guinea",2025-12-09,NEGATIVO,1,0.039653786,0.8067977,0.036791686,0.03202083,0.051944572,0.032791425
21c60633-5295-47f9-a857-2aeb23a4027d,"For me, i keep seeing the same content repeatedly. It slows things down.",male,"Jakarta, Indonesia",2022-09-12,NEGATIVO,1,0.041329954,0.7982969,0.038390603,0.03342099,0.05433968,0.034221835
737b8a69-b422-47dd-bba0-c0008e4ff813,"I wanted to like it, but the app feels too complicated now. It makes it harder to grow.",male,"Munich, Germany",2021-06-11,NEGATIVO,0,0.8130905,0.04195364,0.034727532,0.030220605,0.0490646,0.030943064
d2cfe327-54a4-422c-a46d-9169da00a965,One issue is that sometimes it feels hard to grow organically.,female,"Brisbane, Australia",2025-09-11,NEGATIVO,0,0.5768426,0.043762162,0.036337197,0.0316714,0.27897015,0.032416493
de1199ae-9a1a-4ed7-b3d0-bfbaec3773a5,I’d say my posts barely reach anyone anymore. It ends up feeling repetitive.,female,"Gold Coast, Australia",2025-05-07,NEGATIVO,2,0.03539623,0.039761968,0.8207261,0.028599953,0.04623002,0.029285673
b2fd5f83-0bd6-4765-8def-c33b28193085,"For me, it feels like everything is about Reels now. It makes it harder to grow.",male,"Valparaíso, Chile",2024-10-04,NEGATIVO,1,0.039254505,0.8089352,0.036339074,0.03165746,0.051403865,0.032409884
2ab16c78-8f26-4159-a3aa-5438e8b3a085,I’d say it makes me compare myself too much. It ends up feeling repetitive.,male,"Arequipa, Peru",2024-12-12,NEGATIVO,1,0.03919402,0.8090752,0.03639337,0.03168818,0.05120037,0.032448906
70805ba1-42d3-4bb1-ad8e-47adc929c280,What bothers me is that i keep seeing the same content repeatedly. It makes the experience less enjoyable.,male,"Cali, Colombia",2024-11-09,NEGATIVO,1,0.035497513,0.82684326,0.03297809,0.028718362,0.046556942,0.029405769
c61d4040-ed64-4479-b09e-0ea7a23133d6,"Personally, sometimes it feels hard to grow organically. It makes the experience less enjoyable.",male,"Cairo, Egypt",2023-04-07,NEGATIVO,0,0.8291551,0.038409952,0.03174631,0.027634732,0.044758607,0.028295277
4b8ab76d-43e5-4df1-ae85-17f36184b5ab,"So far, my posts barely reach anyone anymore. It makes it harder to grow.",male,"Valparaíso, Chile",2024-08-12,NEGATIVO,2,0.2416894,0.040017996,0.61336124,0.028801098,0.046638343,0.029491946
bce29f09-5c35-4160-be49-71a643ebb8e2,"Personally, it feels like everything is about Reels now. It makes the experience less enjoyable.",male,"Glasgow, United Kingdom",2021-06-10,NEGATIVO,1,0.03567457,0.8260931,0.03309692,0.028817158,0.04681481,0.029503394
c88e588b-1e5e-4ba8-81b8-cc4b35759a18,"Honestly, there are too many bots and fake accounts. It gets frustrating after a while.",female,"Hobart, Australia",2025-07-11,NEGATIVO,0,0.8040602,0.04394682,0.03641301,0.031726807,0.05136373,0.032489404
b2d7ce3a-a976-4703-91cc-909e6882e27e,I’d say my account got restricted without a clear reason. That part could definitely be improved.,male,"Karachi, Pakistan",2022-07-10,NEGATIVO,4,0.03275607,0.03676708,0.030365808,0.20028126,0.6727433,0.027086517
4435886a-79c7-4c9b-ae98-b8b5fed42caa,"For me, it makes me compare myself too much. It ends up feeling repetitive.",male,"Doha, Qatar",2022-06-08,NEGATIVO,1,0.04158114,0.79742074,0.038621623,0.03362536,0.05431832,0.03443289
f01b65c7-6fc0-4cd0-a63e-6eb0cace0b36,I’d say i have followers but very little engagement. It makes it harder to grow.,male,"Shenzhen, China",2022-10-02,NEGATIVO,1,0.039308913,0.8085288,0.0364178,0.031733654,0.05151696,0.032493837
7c3d2d57-3498-4c62-90df-e505259733c9,"Honestly, you need to pay to get visibility. It makes it harder to grow.",male,"Pretoria, South Africa",2023-07-09,NEGATIVO,0,0.8135131,0.04186192,0.034665164,0.030207478,0.048820913,0.03093139
670b5e6a-a3fb-4fb0-92b4-5620f3da2a18,"I wanted to like it, but sometimes it feels hard to grow organically.",male,"Windhoek, Namibia",2023-01-03,NEGATIVO,0,0.80409366,0.043936186,0.0363987,0.03171414,0.05138616,0.032471143
8bf2a77f-d083-49ec-85d9-e9750ee97896,"For me, my posts barely reach anyone anymore. It slows things down.",male,"Montreal, Canada",2024-07-06,NEGATIVO,2,0.039005253,0.04363715,0.80233645,0.031559683,0.051144797,0.032316696
d52a6173-7ef6-4ef4-a079-37c9ed8728f4,"I wanted to like it, but it feels like everything is about Reels now. It gets frustrating after a while.",male,"Dubai, United Arab Emirates",2022-06-10,NEGATIVO,1,0.040205818,0.80424523,0.037235238,0.032434992,0.052670818,0.03320786
9afbea47-1dfa-4ff1-817d-724c366181bd,"In my experience, you need to pay to get visibility. It slows things down.",female,"Wellington, New Zealand",2025-06-09,NEGATIVO,0,0.80456823,0.04378704,0.036305126,0.03160033,0.051381517,0.0323578
962ad68f-e830-4104-b5f6-7710efb7bf4f,"I wanted to like it, but i keep seeing the same content repeatedly. That part could definitely be improved.",male,"Brasília, Brazil",2025-01-05,NEGATIVO,1,0.033948466,0.49103263,0.03149837,0.37085515,0.044559073,0.028106257
e88f04f7-46ab-40c6-8d8a-1f38f136d9c0,What bothers me is that the app feels too complicated now. That part could definitely be improved.,male,"Dakar, Senegal",2023-07-08,NEGATIVO,3,0.037340663,0.041855775,0.306126,0.5342956,0.04948645,0.030895542
f85bc54f-9a21-4a26-a337-3ace9ad07d27,One issue is that sometimes it feels hard to grow organically. It makes the app harder to enjoy.,male,"Vancouver, Canada",2024-06-05,NEGATIVO,0,0.6572322,0.036945496,0.030620068,0.02667798,0.22121622,0.02730799
6ed16cd0-4a01-4fbb-81a1-0a91f4ed1001,"So far, my posts barely reach anyone anymore. It slows things down.",male,"Lisbon, Portugal",2022-01-11,NEGATIVO,2,0.037072685,0.041443896,0.8122514,0.029978594,0.048555933,0.030697541
10270c70-d827-44f3-bb04-cf88e83219e8,One issue is that i have followers but very little engagement. That part could definitely be improved.,female,"Adelaide, Australia",2025-08-01,NEGATIVO,4,0.035298597,0.039825063,0.032793745,0.34366167,0.5191575,0.02926343
2906faf3-ad67-4335-b09f-dda0f3d2de20,"I wanted to like it, but there are too many bots and fake accounts. It makes the app harder to enjoy.",male,"Guadalajara, Mexico",2024-03-12,NEGATIVO,0,0.82871586,0.038416803,0.031800836,0.027700301,0.04500149,0.028364735
0c62809f-2948-4c68-a4b2-2543353dfada,"In my experience, my account got restricted without a clear reason.",male,"Córdoba, Argentina",2024-12-06,NEGATIVO,4,0.03910549,0.043764804,0.036315553,0.031629216,0.8167965,0.032388438
7ea83d96-f3e3-4cfa-991f-9b0b9d844685,I’d say i keep seeing the same content repeatedly. It makes the app harder to enjoy.,female,"Auckland, New Zealand",2025-04-12,NEGATIVO,1,0.035669256,0.8261812,0.033107433,0.028821426,0.046707448,0.02951328
4b926a17-034d-474d-a477-89814a79b19b,I’d say i keep seeing the same content repeatedly. It slows things down.,female,"Christchurch, New Zealand",2025-10-06,NEGATIVO,1,0.038985614,0.80980855,0.036202677,0.031519424,0.05120901,0.032274667
48b11877-56a4-4527-8986-3934a92d2ee5,"Honestly, the app feels too complicated now. It makes the app harder to enjoy.",male,"Vancouver, Canada",2024-04-12,NEGATIVO,0,0.8018118,0.044490755,0.03685355,0.032054525,0.051966257,0.032823086
c1b285e8-36ca-4f53-be71-8012dedbe876,"So far, sometimes it feels hard to grow organically. It gets frustrating after a while.",female,"Caracas, Venezuela",2025-04-04,NEGATIVO,0,0.8140893,0.041683163,0.0345862,0.030126357,0.04866754,0.030847458
48d7bac0-80b0-483c-9163-1646df7bef43,What bothers me is that my account got restricted without a clear reason. It makes the experience less enjoyable.,female,"Auckland, New Zealand",2025-10-02,NEGATIVO,4,0.032870784,0.2228438,0.030519487,0.026548602,0.6600329,0.027184457
b8d87c76-866a-40d3-9ea7-9480d4af4beb,"I wanted to like it, but it makes me compare myself too much. It makes it harder to grow.",male,"Córdoba, Argentina",2025-03-10,NEGATIVO,1,0.03953388,0.8076358,0.03659958,0.031892724,0.05168063,0.032657433
4a552c81-2e2e-4e99-881b-7480a4de90a0,"For me, the app feels too complicated now. It makes the experience less enjoyable.",male,"Cape Town, South Africa",2023-06-09,NEGATIVO,2,0.03953367,0.04453308,0.79966134,0.0318923,0.051724903,0.03265478
e9939c8c-b63a-46d0-95d6-7b85e1e258ce,"In my experience, sometimes it feels hard to grow organically. It gets frustrating after a while.",male,"Seoul, South Korea",2022-08-06,NEGATIVO,0,0.8140611,0.04171293,0.034574933,0.03011358,0.04870313,0.030834343
d48e069f-362c-4e93-9fdc-88823b8d5b82,"So far, my posts barely reach anyone anymore. It ends up feeling repetitive.",male,"Asunción, Paraguay",2025-02-04,NEGATIVO,2,0.03536977,0.039607923,0.82095104,0.02860018,0.046185207,0.029285887
f640ed22-a4f4-4136-97ec-2b75a3015aa8,One issue is that it feels like everything is about Reels now.,male,"Dallas, United States",2023-08-12,NEGATIVO,4,0.041605104,0.046902,0.038573734,0.033582725,0.80496866,0.034367807
b51e82a0-3e58-4e95-9b9e-c8433c08056b,I’d say there are too many bots and fake accounts. It ends up feeling repetitive.,female,"Christchurch, New Zealand",2025-09-01,NEGATIVO,0,0.81439215,0.041739233,0.034499742,0.030023655,0.04860085,0.030744428
dbebf81a-5ccf-462e-8c10-5daf1ec7a5ca,What bothers me is that my account got restricted without a clear reason. It makes it harder to grow.,female,"Perth, Australia",2025-07-10,NEGATIVO,4,0.034400042,0.03848865,0.031684045,0.027601907,0.83956134,0.028263943
1a381c55-5fbd-4346-bc9f-94bbe655dee6,I’d say you need to pay to get visibility. It makes it harder to grow.,male,"Monterrey, Mexico",2023-09-04,NEGATIVO,0,0.81394696,0.041765098,0.034582194,0.030132934,0.048717704,0.030855058
dcee9b2c-e78a-41e5-bd6a-5fd7c5045228,"For me, it makes me compare myself too much. It makes the app harder to enjoy.",female,"Port Moresby, Papua New Guinea",2025-05-05,NEGATIVO,1,0.042143423,0.7946892,0.039094694,0.03401966,0.055214018,0.03483901
349cd4d3-5802-4d00-9249-1b29d3667ae0,"So far, i keep seeing the same content repeatedly. It makes the experience less enjoyable.",male,"Kumasi, Ghana",2023-05-05,NEGATIVO,1,0.14805512,0.7142437,0.03307945,0.028734682,0.046464417,0.029422652
887267d5-64a9-495f-bf05-148a0fb970f3,"Personally, i have followers but very little engagement.",female,"Port Moresby, Papua New Guinea",2025-11-02,NEGATIVO,1,0.047940683,0.7658652,0.04449082,0.038763415,0.0632478,0.03969212
fa9e52fd-0a89-4245-a842-437d20c02570,"I wanted to like it, but there are too many bots and fake accounts.",male,"Tel Aviv, Israel",2022-10-09,NEGATIVO,0,0.79223216,0.046550766,0.03856489,0.03360551,0.054635502,0.034411184
022593d2-04f8-45b8-9339-5fe59672b627,"For me, you need to pay to get visibility. It ends up feeling repetitive.",male,"Glasgow, United Kingdom",2022-02-01,NEGATIVO,0,0.804866,0.04390562,0.036297105,0.03158428,0.05100577,0.032341182
6fa71fa0-e783-4279-b454-98ce5a0ec672,"Honestly, i keep seeing the same content repeatedly. It makes the app harder to enjoy.",male,"Rio de Janeiro, Brazil",2024-09-12,NEGATIVO,1,0.035748616,0.82582194,0.033176098,0.028883286,0.04679352,0.029576603
a0cb5c4b-b110-47ce-8374-20caf917ac40,"In my experience, the app feels too complicated now.",male,"Chicago, United States",2024-01-03,NEGATIVO,2,0.048449073,0.054195814,0.754768,0.039118297,0.06341525,0.040053613
ce991e98-01d2-4dcc-854c-2eba9bd652d8,The main problem is that i have followers but very little engagement. It gets frustrating after a while.,male,"São Paulo, Brazil",2024-08-10,NEGATIVO,1,0.03910782,0.809421,0.036267065,0.031594425,0.05125559,0.03235406
9f289925-ca63-417f-a5ef-23f0ca46b6b8,The main problem is that it makes me compare myself too much. It makes the experience less enjoyable.,male,"Jeddah, Saudi Arabia",2022-04-01,NEGATIVO,1,0.037266955,0.8183903,0.034597863,0.03012929,0.0487629,0.030852703
54a09d81-bc8d-435d-bae0-6678f1466683,"Personally, my account got restricted without a clear reason. That part could definitely be improved.",female,"Christchurch, New Zealand",2025-12-01,NEGATIVO,4,0.032702375,0.036569774,0.030359399,0.18518353,0.6880973,0.027087651
41ba132a-3634-423a-be8c-4866ff2eafd2,I’d say you need to pay to get visibility. It slows things down.,male,"Toronto, Canada",2024-05-02,NEGATIVO,0,0.80470526,0.043774545,0.03628128,0.031588618,0.05130444,0.032345824
54d92efc-0be0-4564-aac3-2c2cf69df23b,"I wanted to like it, but i keep seeing the same content repeatedly. It makes the app harder to enjoy.",female,"Melbourne, Australia",2025-05-07,NEGATIVO,1,0.03423902,0.8331566,0.031764198,0.02765626,0.044864446,0.028319424
40995d20-a2d4-4eda-8c57-c6f162eea98d,"For me, the app feels too complicated now. It makes the experience less enjoyable.",male,"Cancun, Mexico",2024-04-04,NEGATIVO,2,0.039533824,0.044584457,0.79960954,0.0318923,0.051725134,0.03265478
42dbd781-d6ba-4a99-bacc-6e1e5d8b4429,"So far, there are too many bots and fake accounts.",male,"Harare, Zimbabwe",2022-12-08,NEGATIVO,0,0.7779608,0.04967075,0.041286208,0.03596654,0.058284428,0.03683121
9972d01e-0141-4a4d-bbe4-c2c379f7cfaa,"In my experience, my account got restricted without a clear reason. It slows things down.",male,"Valparaíso, Chile",2024-08-12,NEGATIVO,4,0.03545478,0.039692167,0.032925494,0.028664675,0.8339104,0.029352501
58513df3-adf2-4d81-96d3-c716e1492959,"For me, i keep seeing the same content repeatedly. It makes it harder to grow.",male,"Chennai, India",2022-10-11,NEGATIVO,1,0.03926101,0.8089451,0.03637796,0.031700887,0.051254813,0.032460287
6a7a1cd9-c475-47f7-b774-a75bbcb36a91,What bothers me is that my posts barely reach anyone anymore.,female,"Queenstown, New Zealand",2025-05-03,NEGATIVO,2,0.04130209,0.046246793,0.7905123,0.033440027,0.054257065,0.03424172
12c15eaa-6803-4727-a325-38cd435eed62,"Personally, i have followers but very little engagement. That part could definitely be improved.",male,"Jeddah, Saudi Arabia",2022-04-09,NEGATIVO,1,0.037014026,0.43035325,0.034347646,0.41860467,0.049037993,0.03064241
54f5d85a-cf71-4be3-80cc-b973c077f702,"Personally, there are too many bots and fake accounts.",male,"Denver, United States",2024-02-07,NEGATIVO,0,0.7778864,0.049702503,0.04125875,0.0359497,0.058388583,0.036814045
2b10a6a0-bea3-4b0b-b581-a9796c12b3f2,"So far, i have followers but very little engagement. It makes the app harder to enjoy.",male,"Pretoria, South Africa",2023-05-02,NEGATIVO,1,0.22568595,0.62886494,0.034836832,0.030286564,0.049312085,0.03101359
6381dd9e-3d4b-4ffd-9e2e-500cc737cb23,"In my experience, the app feels too complicated now. It makes the experience less enjoyable.",male,"Dublin, Ireland",2022-02-01,NEGATIVO,2,0.040768236,0.045899257,0.79339224,0.03289062,0.053372413,0.033677146
a397c153-699d-4155-8287-8048d929d784,I’d say i have followers but very little engagement. It makes the experience less enjoyable.,male,"Lahore, Pakistan",2022-08-02,NEGATIVO,1,0.03722331,0.81844634,0.03456379,0.030101474,0.048842847,0.030822169
c0fc915d-42fe-4065-87b6-fe6c6893f039,"I wanted to like it, but there are too many bots and fake accounts.",male,"Caracas, Venezuela",2024-08-04,NEGATIVO,0,0.79223156,0.046550453,0.03856489,0.03360551,0.05463635,0.034411184
a0adf3c8-d7fe-402c-adfa-d4ba7ec8251d,I’d say the app feels too complicated now. It makes the app harder to enjoy.,male,"Marseille, France",2021-09-09,NEGATIVO,0,0.80197716,0.044450086,0.036821067,0.03202219,0.05193951,0.03278998
18031b44-4e30-4c4e-a854-9421ed8ab3b1,One issue is that my account got restricted without a clear reason. It slows things down.,male,"Rome, Italy",2022-02-10,NEGATIVO,4,0.03396556,0.037989046,0.031548034,0.02748026,0.840879,0.028138071
f5fbe1c1-9d26-4848-b875-3157331aae2b,What bothers me is that you need to pay to get visibility. It slows things down.,male,"Los Angeles, United States",2023-10-11,NEGATIVO,0,0.6556987,0.0440116,0.036345325,0.031597797,0.19999307,0.032353535
23bc4f4a-4a55-4fa5-a5aa-455bd901a92b,One issue is that it makes me compare myself too much.,female,"Wellington, New Zealand",2025-06-05,NEGATIVO,1,0.044519797,0.4654874,0.041340873,0.03603536,0.37572402,0.036892563
9722b121-2e79-4194-9984-7afc38fb3694,"I wanted to like it, but i keep seeing the same content repeatedly. It gets frustrating after a while.",male,"Manila, Philippines",2022-04-08,NEGATIVO,1,0.03716275,0.81906366,0.034450687,0.03001729,0.048568532,0.030737104
46a218fd-b18e-4211-a016-9cd0520bca23,"Personally, it feels like everything is about Reels now. It makes it harder to grow.",male,"Shanghai, China",2022-03-02,NEGATIVO,1,0.03739812,0.81798214,0.034604818,0.030144215,0.049009006,0.030861646
30310f82-31a3-4395-ab17-7eba36b0aeb9,"So far, you need to pay to get visibility. It slows things down.",male,"Caracas, Venezuela",2022-06-02,NEGATIVO,0,0.80460644,0.043753486,0.036320392,0.03161802,0.05132569,0.032375917
2a4182b9-f3f7-4634-b3e7-1638a72637c9,One issue is that sometimes it feels hard to grow organically. That part could definitely be improved.,male,"Houston, United States",2021-02-02,NEGATIVO,3,0.35255718,0.03658928,0.030379938,0.50984675,0.043524075,0.02710276
0f540ece-a31a-41b7-9652-517108a46f9f,The main problem is that it feels like everything is about Reels now. It ends up feeling repetitive.,female,"Auckland, New Zealand",2022-09-09,NEGATIVO,1,0.035496682,0.8269994,0.032950994,0.028688556,0.046491403,0.029372862
8f838e0e-f42f-4a25-b1a1-34dcc87b5ce5,"In my experience, it makes me compare myself too much. It makes it harder to grow.",female,"Suva, Fiji",2023-04-09,NEGATIVO,1,0.041939244,0.7959326,0.038843475,0.033838194,0.054795764,0.03465076
77246de1-40b2-4205-bb62-9195473aee4d,What bothers me is that i keep seeing the same content repeatedly.,female,"Canberra, Australia",2023-02-04,NEGATIVO,1,0.044161044,0.7844003,0.041042358,0.035754647,0.05803099,0.036610674
eecb03ff-1771-4a39-9c3c-b59f706b4dfa,"Personally, my posts barely reach anyone anymore. It ends up feeling repetitive.",male,"Washington DC, United States",2021-09-06,NEGATIVO,2,0.03539157,0.03968982,0.8206943,0.028596235,0.04634605,0.02928194
98c7cdc4-fc7f-4a3d-9722-8b2a4b708c2e,The main problem is that it feels like everything is about Reels now. It slows things down.,male,"Dallas, United States",2021-05-06,NEGATIVO,1,0.03716559,0.81860876,0.03449035,0.030020066,0.048979487,0.030735778
ef1aea4b-2a8e-440d-ab12-bb72158ce6ce,One issue is that my account got restricted without a clear reason. It ends up feeling repetitive.,male,"Boston, United States",2021-07-02,NEGATIVO,4,0.03274035,0.26092207,0.03041726,0.026442481,0.6224027,0.027075214
30b70321-121d-4166-8065-6d304af0daa4,The main problem is that it makes me compare myself too much. It ends up feeling repetitive.,male,"Arequipa, Peru",2022-03-12,NEGATIVO,1,0.03720593,0.8187287,0.03454809,0.030082365,0.048629753,0.030805172
96a164ce-97c0-447a-b391-6d32370ee77b,"For me, there are too many bots and fake accounts. That part could definitely be improved.",male,"Windhoek, Namibia",2020-09-10,NEGATIVO,3,0.37615967,0.041485004,0.034471292,0.46825665,0.048864584,0.030762842
734015b0-6814-4d04-a6bd-32c59c058f42,I’d say you need to pay to get visibility. It gets frustrating after a while.,male,"Boston, United States",2021-08-11,NEGATIVO,0,0.79058486,0.047005977,0.038938478,0.033924237,0.05480853,0.034737945
512f98b1-7069-4634-97ac-5e6d48ee51e4,"In my experience, there are too many bots and fake accounts. It makes it harder to grow.",male,"Guayaquil, Ecuador",2022-03-05,NEGATIVO,0,0.8137453,0.04175673,0.03460031,0.03014142,0.048891068,0.03086518
ae23d388-7f9d-4909-b274-9e4a4b1d764b,What bothers me is that i keep seeing the same content repeatedly.,male,"Guadalajara, Mexico",2021-03-01,NEGATIVO,1,0.044161044,0.784405,0.041042354,0.035754647,0.058026332,0.036610674
7dbc852a-d604-460d-9143-c0816845b3b0,"Honestly, there are too many bots and fake accounts. It makes the app harder to enjoy.",male,"Kampala, Uganda",2020-07-05,NEGATIVO,0,0.8211339,0.040117685,0.033230398,0.028945252,0.046932023,0.029640706
bb28a11b-5a03-4448-841c-f0db26186995,I’d say it makes me compare myself too much. It gets frustrating after a while.,male,"Dar es Salaam, Tanzania",2020-06-04,NEGATIVO,1,0.041703664,0.79707634,0.038650274,0.033670485,0.054417703,0.0344816
861c629d-04d1-45ed-ad60-fde5ffee4b04,What bothers me is that i have followers but very little engagement. It slows things down.,female,"Hobart, Australia",2022-12-04,NEGATIVO,1,0.041349366,0.79768664,0.03842058,0.03343804,0.054866444,0.0342389
b62a2b83-f378-42d2-8b71-4ffc9943b0b9,What bothers me is that my account got restricted without a clear reason. It makes the app harder to enjoy.,female,"Port Moresby, Papua New Guinea",2023-02-08,NEGATIVO,4,0.03304774,0.037134457,0.030586662,0.026635695,0.84532034,0.027275087
24a8833c-aeb0-4e07-9c38-a02275a031fe,I’d say you need to pay to get visibility. It slows things down.,female,"Port Moresby, Papua New Guinea",2022-10-05,NEGATIVO,0,0.80470276,0.04377682,0.03628125,0.031588618,0.051304627,0.032345824
e252bc82-c450-4e7b-bbdd-6756f66bbd98,The main problem is that sometimes it feels hard to grow organically.,male,"Chicago, United States",2021-01-08,NEGATIVO,0,0.8043477,0.043947797,0.03635699,0.031669978,0.051248062,0.03242946
90e7056e-0a2d-4cb1-a1eb-b2cba7b88d97,I’d say my posts barely reach anyone anymore. It ends up feeling repetitive.,male,"Houston, United States",2021-03-06,NEGATIVO,2,0.035396233,0.03976325,0.82072484,0.028599953,0.04623002,0.029285673
ae779251-556a-4797-944f-6c32f2dc1675,"I wanted to like it, but you need to pay to get visibility. It makes it harder to grow.",male,"San Antonio, United States",2020-12-09,NEGATIVO,0,0.8220984,0.039925996,0.033045832,0.028795509,0.046649758,0.029484505
f07ad90a-988e-4576-ad12-52736c0a2e34,"So far, the app feels too complicated now. It gets frustrating after a while.",male,"Austin, United States",2021-03-04,NEGATIVO,0,0.7913203,0.046785813,0.03885786,0.033783317,0.054659504,0.034593232
f08d763f-a4a2-40ec-a9cf-76d19a7916be,One issue is that i have followers but very little engagement. It makes the experience less enjoyable.,male,"Mombasa, Kenya",2020-09-02,NEGATIVO,1,0.035519354,0.58887196,0.032988854,0.028734291,0.28447053,0.029414989
50e9d4a2-39fc-4b9d-ba5b-41b6c5d7b050,One issue is that my account got restricted without a clear reason. It slows things down.,male,"Shanghai, China",2020-02-03,NEGATIVO,4,0.03396555,0.03798902,0.031547997,0.02748026,0.8408791,0.028138071
398b6a68-a102-42d0-be88-af0b8c587fb3,One issue is that it makes me compare myself too much.,female,"Adelaide, Australia",2023-03-06,NEGATIVO,1,0.04451981,0.46553135,0.04134087,0.036035698,0.37567976,0.03689256
e205db21-e42b-405c-8ece-d09a82d7bfda,What bothers me is that the app feels too complicated now. It makes the app harder to enjoy.,male,"Ottawa, Canada",2021-11-02,NEGATIVO,0,0.469662,0.044669446,0.36822954,0.03202366,0.052625556,0.03278975
687f44dd-9b71-49ad-9b78-d311d4abbee4,"Honestly, there are too many bots and fake accounts. It gets frustrating after a while.",male,"Marrakesh, Morocco",2020-08-02,NEGATIVO,0,0.80406195,0.043945108,0.03641301,0.031726807,0.051363695,0.032489404
5bebfe28-8d77-45f2-96fb-fab35db2565a,"Honestly, it makes me compare myself too much. It makes the experience less enjoyable.",male,"Quito, Ecuador",2022-04-09,NEGATIVO,1,0.03922297,0.8089302,0.03640202,0.031702526,0.05127922,0.032463014
4035436a-ebc9-40e3-b355-6b5e7fb6c36f,"For me, i keep seeing the same content repeatedly. It slows things down.",male,"Manila, Philippines",2020-02-02,NEGATIVO,1,0.04132995,0.7982968,0.038390614,0.033420995,0.054339703,0.03422184
acb0b28b-1cbc-490c-b123-69d06fd74553,The main problem is that my posts barely reach anyone anymore. It gets frustrating after a while.,male,"Cairo, Egypt",2020-08-01,NEGATIVO,2,0.0355718,0.040007964,0.8199889,0.028662197,0.046413593,0.029355537
c1fde40d-66e1-443a-8304-1a3b059c3032,"For me, it feels like everything is about Reels now. That part could definitely be improved.",male,"Dakar, Senegal",2020-07-02,NEGATIVO,3,0.037249,0.041914534,0.03455508,0.80636233,0.04911059,0.030808423
97354415-8e93-4382-922e-b0cfe7cdcda8,The main problem is that i have followers but very little engagement. It makes the experience less enjoyable.,male,"Chicago, United States",2021-10-10,NEGATIVO,1,0.035530772,0.82669824,0.032992285,0.028732775,0.04662452,0.029421449
a2674979-c988-46de-94ca-8f16828c8b61,What bothers me is that the app feels too complicated now. It gets frustrating after a while.,male,"Kampala, Uganda",2020-08-07,NEGATIVO,2,0.041959874,0.047000173,0.7879404,0.033724416,0.05483755,0.034537584
bea7df67-789f-4da8-82ae-3025fc8b37d4,"Personally, i keep seeing the same content repeatedly. It makes the app harder to enjoy.",male,"Mombasa, Kenya",2020-12-04,NEGATIVO,1,0.03573037,0.8259007,0.033144347,0.028852064,0.04682781,0.029544676
b26835d7-dfca-4340-8067-8f0f5574e8f6,"For me, the app feels too complicated now. It slows things down.",male,"Casablanca, Morocco",2020-05-10,NEGATIVO,2,0.044643044,0.049923223,0.7738459,0.036046963,0.05863131,0.03690948
c683fd4a-bde6-4911-9551-5ed118ae36d2,I’d say i have followers but very little engagement. It gets frustrating after a while.,female,"Canberra, Australia",2022-11-08,NEGATIVO,1,0.041477077,0.79789937,0.038456537,0.033503734,0.05435476,0.034308538
69e40091-adb3-4b93-976b-961413b144a8,The main problem is that my account got restricted without a clear reason. That part could definitely be improved.,female,"Queenstown, New Zealand",2022-10-08,NEGATIVO,4,0.03159225,0.035457287,0.029317474,0.025582694,0.851898,0.026152259
5fd868a2-d0fa-4518-8d03-63b9aecb2fe5,One issue is that it makes me compare myself too much.,male,"Abu Dhabi, United Arab Emirates",2020-01-05,NEGATIVO,1,0.044519786,0.4655264,0.04134087,0.036035556,0.37568483,0.036892556
3e4c3491-674e-40d3-891f-033e9f7a0a89,I’d say i keep seeing the same content repeatedly. That part could definitely be improved.,male,"Mombasa, Kenya",2020-04-05,NEGATIVO,1,0.03532566,0.46708623,0.032803938,0.38921198,0.046302132,0.029270008
a7d1ac87-8820-4e4d-b8df-6af7dd31d953,"Personally, the app feels too complicated now. It makes the experience less enjoyable.",male,"San Jose, United States",2021-04-06,NEGATIVO,2,0.03759337,0.042355627,0.8094107,0.030290417,0.049334988,0.03101495
0206fc96-fce7-4591-8ec1-2eaca53cc3a0,One issue is that you need to pay to get visibility. That part could definitely be improved.,male,"Cape Town, South Africa",2020-07-11,NEGATIVO,3,0.32914138,0.037951976,0.03151559,0.5280572,0.045211907,0.028122015
8a48734e-ffda-4063-849f-fa5300a472ee,"Honestly, i keep seeing the same content repeatedly. It gets frustrating after a while.",male,"New York, United States",2021-03-01,NEGATIVO,1,0.03913171,0.809547,0.036281895,0.031612556,0.051055226,0.032371607
1e2d066c-9dd7-474a-8a7b-e5a95f2a8ebc,"In my experience, sometimes it feels hard to grow organically. It ends up feeling repetitive.",female,"Melbourne, Australia",2022-10-03,NEGATIVO,0,0.8226428,0.03988392,0.032982618,0.028699974,0.04640414,0.029386558
298ac3bd-3b73-4277-9573-ebb308e40d3e,"So far, my posts barely reach anyone anymore. It slows things down.",female,"Gold Coast, Australia",2023-02-09,NEGATIVO,2,0.03707879,0.041444015,0.81224394,0.029978596,0.0485572,0.030697545
9962d798-c452-46bf-9fa6-5d9ced5d4332,One issue is that there are too many bots and fake accounts. That part could definitely be improved.,male,"Chicago, United States",2021-03-04,NEGATIVO,3,0.29624566,0.037969038,0.03154934,0.56061906,0.045461584,0.02815531
04d8fcb0-df8b-460b-b0fd-c9d9d7a1ffdb,The main problem is that i keep seeing the same content repeatedly. It gets frustrating after a while.,male,"Mumbai, India",2020-03-09,NEGATIVO,1,0.037100002,0.8193486,0.034412768,0.02998037,0.048457492,0.030700877
426c3326-3626-4692-b9fc-745af44e3d1b,What bothers me is that sometimes it feels hard to grow organically. It makes the app harder to enjoy.,male,"Cape Town, South Africa",2020-04-01,NEGATIVO,0,0.7150756,0.14994505,0.031929772,0.027738718,0.046910636,0.028400164
653d0ce2-79d1-4502-978d-85634b6908a5,Awesome 👍 ahes Bhai lok n1 meta best 👍,male,"Abuja, Nigeria",2020-04-01,NEGATIVO,5,0.054447886,0.06092542,0.050584164,0.044082623,0.38911644,0.40084347
8dd04b70-870d-43f6-ad23-c4d545a2db36,Consume too much of our time,male,"Buenos Aires, Argentina",2021-12-07,NEGATIVO,5,0.060511313,0.06842318,0.056218028,0.048992004,0.0791352,0.68672025
ce75cb32-0e7b-474c-8167-64c23846f6c2,This app is good,male,"São Paulo, Brazil",2022-04-09,NEGATIVO,4,0.061927,0.06922567,0.057612788,0.050056506,0.7099154,0.05126264
4f571926-5411-4916-b306-1eaa8ba557c7,At first itself it block my like button and without any pre notice it block the id,male,"Guadalajara, Mexico",2021-07-11,NEGATIVO,2,0.047883324,0.0542548,0.75290143,0.03874646,0.0665583,0.039655782
8122c5dd-d45b-446a-a0a5-870a6b1a9571,Unable to add music on posts even after updating this app many times,male,"Seattle, United States",2021-02-06,NEGATIVO,4,0.037898254,0.15548743,0.035221875,0.030570602,0.43551433,0.30530754
9d1cea32-bd4d-4fe9-a18f-e8bc994e0ce6,Stories were not posted properly,male,"Los Angeles, United States",2021-08-01,NEGATIVO,5,0.060811188,0.06799706,0.05649584,0.04923513,0.07975724,0.6857035
530bec50-8fbb-438c-9a6e-58e1ac420d1d,Mid.,male,"Durban, South Africa",2020-11-01,NEGATIVO,4,0.16685303,0.18656923,0.15501288,0.13508964,0.21814944,0.1383257
38d97fe0-9518-4cb6-8a95-c3a21b18b1df,Please help l my report message not a to Instagram team please check your system Mr_mysterious_23,female,"Wellington, New Zealand",2022-10-02,NEGATIVO,2,0.042307917,0.04732855,0.78538215,0.03424398,0.05566675,0.035070747
646cf3d2-b334-488e-9a92-959c492ff42f,Can't post the reels... bugging long time,male,"Phoenix, United States",2021-10-05,NEGATIVO,5,0.053110193,0.059609804,0.04949295,0.043022722,0.06971581,0.72504854
0a01dbb9-69d3-4077-a509-c62bdbc742d8,Reply option not show and only heart shape emoji appeared,female,"Quito, Ecuador",2022-07-10,NEGATIVO,2,0.05294308,0.05922336,0.7316889,0.042892203,0.06935848,0.043893896
2a1e4175-7e09-4576-8381-31daba3e20b3,"My Instagram app is not working from last 2 days. I am facing trouble when accessing the reels, they are stuck and every now and then the thing that pops is ' Something went wrong' even though I uninstalled and reinstalled but nothing worked.",female,"Port Moresby, Papua New Guinea",2023-02-10,NEGATIVO,5,0.030185366,0.033884265,0.028043075,0.024330625,0.04130591,0.8422508
2d51e641-1dec-4d1f-8bf1-aa2caffb5ec3,What the hell!! Reels are not showing up there's some sort of error please look after it.. It kinda irritating,male,"Casablanca, Morocco",2020-09-08,NEGATIVO,4,0.044875544,0.05027988,0.041719504,0.036346123,0.78949827,0.037280656
42a05996-1a8a-4c49-b4d1-286893b1c3df,Get better,male,"Marrakesh, Morocco",2020-12-03,NEGATIVO,0,0.6895515,0.0695382,0.057726905,0.050302166,0.08137006,0.051511075
fd35b41c-26c0-41a7-807e-eaf3e414dc73,There's allot of people who have no idea who I am and what I am really looking for it moves so fast that you can't tell who's real,female,"Rio de Janeiro, Brazil",2022-08-10,NEGATIVO,4,0.060514275,0.06773729,0.05632536,0.048992377,0.71626467,0.050166
